Recipient,Supplier,Year of order, ,Number ordered, ,Weapon designation,Weapon description,Number delivered, ,Year(s) of delivery,status,Comments,SIPRI TIV per unit,SIPRI TIV for total order,SIPRI TIV of delivered weapons
Algeria,Italy,2012,,2,?,127/64LW 127mm,naval gun,2,,2016,New,For 2 MEKO-A200 frigates from Germany,7,14,14
Algeria,Italy,1981,?,2,,Compact 76mm,naval gun,2,,1982; 1983,New,For 2 Kebir (El Yadekh) patrol craft from UK,2.5,5,5
Algeria,Russia,1995,?,3,,AK-176 76mm,naval gun,3,?,2000; 2001; 2002,New,For 3 Djebel Chenoua FAC produced in Algeria,2.5,7.5,7.5
Algeria,Russia,1992,?,2,,AK-630 30mm,naval gun,2,,1995; 2002,New,For 2 Djebel Chenoua FAC produced in Algeria,1,2,2
Algeria,Russia,2004,?,2,,AK-630 30mm,naval gun,2,,2006,New,For 1 Daxin training ship from China,1,2,2
Algeria,Soviet Union,1983,?,1,,AK-630 30mm,naval gun,1,,1988,New,For 1 Djebel Chenoua FAC produced in Algeria,1,1,1
Angola,South Africa,2012,,2,,Umkhonto VLS,naval SAM system,2,,2016,New,For 2 MEKO A-200 (Erradii) frigates from Germany,5,10,10
Argentina,Italy,1978,,4,,Albatros,naval SAM system,4,,1983; 1984,New,For 4 MEKO-360 (Almirante Brown) frigates from FRG,5,20,20
Argentina,Italy,1979,?,6,,Compact 76mm,naval gun,6,,1985; 1986; 1987; 1990; 2000; 2004,New,For 6 MEKO-140 (Espora) frigates from FRG,2.5,15,15
Argentina,Italy,1970,,2,,Compact 76mm,naval gun,2,,1974,New,For 2 TNC-45 (Intrepida) FAC from FRG,2.5,5,5
Argentina,Italy,1978,?,28,,Compact 40L70,naval gun,28,,1983; 1984; 1985; 1986; 1987; 1990; 2000; 2004,New,For 4 MEKO-360 and 6 MEKO-140 frigates from FRG,2.5,70,70
Argentina,Italy,1978,?,4,,Compatto 127mm,naval gun,4,,1983; 1984,New,For 4 MEKO-360 Type (Almirante Brown Class) frigates,5.25,21,21
Australia,United Kingdom,1950,,4,,102mm Mk-20,naval gun,4,?,1954; 1955; 1956; 1957,Second hand but modernized,Probably Second-hand but modernized before delivery; for modernization of 4 Q destroyers,0.83,3.3,3.3
Australia,United Kingdom,1950,,6,,AS-Mk-10 Limbo,ASW mortar,6,,1954; 1955; 1957,New,For modification of 3 Quilliam (Quadrant) destroyers to Type-15 frigates,5,30,30
Australia,United Kingdom,1950,,2,,Squid,ASW mortar,2,,1953,New,For modification of 1 Quilliam (Quadrant) destroyer to Type-15 frigate,1.5,3,3
Australia,United States,2006,,3,,Mk-41 VLS,naval SAM system,3,,2017; 2018; 2020,New,For 3 Hobart destroyers from Spain,20,60,60
Australia,United States,2002,?,4,,Mk-41 VLS,naval SAM system,4,,2006; 2007; 2008,New,For modernisation of 4 Perry (Adelaide) frigated,20,80,80
Australia,United States,2020,,9,,Mk-41 VLS,naval SAM system,0,,,New,For 9 Hunter frigates from UK,20,180,0
Australia,United States,1974,?,6,,Mk-42-9 127mm,naval gun,6,?,1975; 1978; 1979,New,Mk-42 Mod-10 version; for modernization of 3 Adams (Perth) destroyers,4.75,28.5,28.5
Australia,United States,1989,?,8,,Mk-45 127mm,naval gun,8,,1996; 1998; 2001; 2002; 2003; 2004; 2005; 2006,New,For 8 MEKO-200 (Anzac) frigates from FRG; Mk-45 Mod-2 version,5.25,42,42
Australia,United States,2010,?,3,,Mk-45-4 127mm,naval gun,3,,2017; 2018; 2020,New,For 3 Hobart destroyers from Spain,7.5,22.5,22.5
Australia,United States,2023,,9,,Mk-45-4 127mm,naval gun,0,,,New,For 9 Hunter frigates from UK,7.5,67.5,0
Australia,United States,1989,?,9,,Mk-15 Phalanx,naval gun,9,?,1990; 1991; 1992; 1993; 1994,New,For frigates; destroyers; AALS and support ships,7,63,63
Australia,United States,2014,?,9,?,Mk-15 Phalanx,naval gun,9,?,2015; 2016; 2018; 2019; 2020; 2021,New,Australian Phalanx Block-1A rebuilt to Block-1B,7,63,63
Bangladesh,China,2004,?,1,,FM-90N,naval SAM system,1,,2007,New,For modernization of DW-2000H (Bangabandhu) frigate,5,5,5
Bangladesh,Italy,1998,?,2,,Compact 40L70,naval gun,2,,2001,New,For 1 DW-2000H (Bangabandhu) frigate from South Korea,2.5,5,5
Bangladesh,Italy,1998,?,1,,Super Rapid 76mm,naval gun,1,,2001,New,For 1 DW-2000H (Bangabandhu) frigate from South Korea,2.75,2.75,2.75
Bangladesh,unknown supplier(s),1995,,1,,SAK-70 Mk-1 57mm,naval gun,1,,1998,Second hand,Second-hand; for 1 Sea Dragon (Madhumati) OPV from South Korea,0.9,0.9,0.9
Belgium,France,1973,,4,,Modele-1968 100mm,naval gun,4,,1978,New,For 4 Wielingen frigates produced in Belgium,5,20,20
Belgium,France,1973,,4,,Mk-54 375mm,ASW MRL,4,,1978,New,For 4 Wielingen frigates produced in Belgium,5,20,20
Belgium,Italy,2023,,2,,Sovraponte 76mm,naval gun,0,,,New,For 2 ASWF frigates from Netherlands,0,0,0
Belgium,United States,1973,,4,,Mk-29 IBPDMS,naval SAM system,4,,1978,New,For 4 Wielingen frigates produced in Belgium,5,20,20
Belgium,United States,2023,,2,,Mk-41 VLS,naval SAM system,0,,,New,For 2 ASWF frigates produced in Netherlands,20,40,0
Brazil,Italy,1995,,6,,Albatros,naval SAM system,6,?,2001; 2002; 2003; 2004,New,For modernization of 6 Niteroi frigates,5,30,30
Brazil,Italy,2021,?,4,?,Super Rapid 76mm,naval gun,0,,,New,For 4 MEKO-A100 (Tamandare) frigates from Germany,2.75,11,0
Brazil,Sweden,1970,?,6,,375mm Twin,ASW MRL,6,,1976; 1977; 1978; 1979; 1980,New,For 6 Niteroi frigates from UK,3.5,21,21
Brazil,United Kingdom,2021,?,4,?,CAMM(M) VLS,naval SAM system,0,,,New,For 4 MEKO-A100 (Tamandare) frigates from Germany,0,0,0
Brazil,United Kingdom,1981,?,4,,Mk-8 4.5-inch,naval gun,4,?,1989; 1991; 1992; 1994,New,For 4 Inhama frigates produced in Brazil,5,20,20
Brazil,United States,1953,?,16,,Mk-26 76mm,naval gun,16,,1955; 1956; 1957,New,For 4 Barroso Pereira transport ships from Japan,0.2,3.2,3.2
Brazil,United States,1954,?,10,,Mk-26 76mm,naval gun,10,,1955,New,For 10 Imperial Marinheiro OPV/tugs from Netherlands,0.2,2,2
Brazil,United States,1940,?,16,,Mk-30 127mm,naval gun,16,,1951,New,For 4 Acre destroyers from UK,0.75,12,12
Brunei,Sweden,2007,?,3,,SAK-70 Mk-2 57mm,naval gun,3,,2011,New,For 3 OPV-80 (Darussalam) corvettes from FRG; SAK-70 Mk-3 version,2.5,7.5,7.5
Brunei,Sweden,2012,?,1,?,SAK-70 Mk-2 57mm,naval gun,1,,2014,New,SAK-70 Mk-3 version for 1 OPV-80 (Darussalam) corvette from FRG,2.5,2.5,2.5
Bulgaria,Italy,2020,?,2,,Super Rapid 76mm,naval gun,0,,,New,For 2 OPV-90 frigates from Germany,2.75,5.5,0
Bulgaria,Soviet Union,1986,?,2,,AK-230 30mm,naval gun,2,,1987,New,For 1 Project-102 (Mesar) support ship produced in Bulgaria,1,2,2
Canada,Italy,2019,,15,,127/64LW 127mm,naval gun,0,,,New,,7,105,0
Canada,Italy,1986,?,4,,Compact 76mm,naval gun,4,,1991; 1992; 1994,New,For modernization of 4 Iroquois (Tribal) frigates,2.5,10,10
Canada,Italy,1968,?,4,,Compatto 127mm,naval gun,4,,1972; 1973,New,For 4 Iroquois (Tribal) frigates produced in Canada,5.25,21,21
Canada,Sweden,1986,?,14,,SAK-70 Mk-2 57mm,naval gun,14,?,1992; 1993; 1994; 1995; 1996,New,For 12 Halifax (City) frigates produced in Canada; 1 for training and 1 spare gun,2.5,35,35
Canada,United Kingdom,1952,?,7,?,102mm Mk-19,naval gun,7,?,1953; 1954; 1955,Second hand but modernized,Second-hand; probably modernized before delivery; for modernization of 7 Tribal destroyers,1.49,10.4,10.4
Canada,United Kingdom,1955,?,2,,102mm Mk-19,naval gun,2,?,1956,Second hand but modernized,Second-hand; probably modernized before delivery; for modernziation of 2 CR destroyers,1.49,2.97,2.97
Canada,United Kingdom,1953,?,2,,102mm Mk-19,naval gun,2,?,1953,Second hand but modernized,Second-hand; probably modernized before delivery; for modernization of 2 V destroyers,1.49,2.97,2.97
Canada,United Kingdom,1958,?,10,,AS-Mk-10 Limbo,ASW mortar,10,,1962; 1963; 1964,New,For 4 Mackenzie and 2 Annapolis frigates produced in Canada,5,50,50
Canada,United Kingdom,1953,?,14,,AS-Mk-10 Limbo,ASW mortar,14,,1958; 1959,New,For 7 Restigouche frigates produced in Canada,5,70,70
Canada,United Kingdom,1950,?,14,,AS-Mk-10 Limbo,ASW mortar,14,,1955; 1956; 1957,New,For 7 St. Laurent frigates produced in Canada,5,70,70
Canada,United Kingdom,1968,?,4,,AS-Mk-10 Limbo,ASW mortar,4,,1972; 1973,New,For 4 Iroquois (Tribal) frigates produced in Canada,5,20,20
Canada,United Kingdom,1953,?,7,,Mk-6 76mm,naval gun,7,,1958; 1959,New,For 7 Restigouche frigates produced in Canada,2.5,17.5,17.5
Canada,United Kingdom,1958,?,3,,Mk-6 76mm,naval gun,3,,1962; 1963,New,For 3 Mackenzie frigates produced in Canada,2.5,7.5,7.5
Canada,United States,1958,?,7,,Mk-33 76mm,naval gun,7,,1962; 1963; 1964,New,For 4 Mackenzie and 2 Annapolis frigates produced in Canada,2.5,17.5,17.5
Canada,United States,1953,?,7,,Mk-33 76mm,naval gun,7,,1958; 1959,New,For 7 Restigouche frigates produced in Canada,2.5,17.5,17.5
Canada,United States,1950,?,14,,Mk-33 76mm,naval gun,14,,1955; 1956; 1957,New,For 7 St. Laurent frigates produced in Canada,2.5,35,35
Canada,United States,1986,,3,,Mk-41 VLS,naval SAM system,3,,1991; 1992; 1994,New,For modernization of 3 Iroquois (Tribal) frigates,20,60,60
Canada,United States,2021,?,15,,Mk-41 VLS,naval SAM system,0,,,New,For 15 Global Combat Ship frigates from UK,20,300,0
Canada,United States,1986,?,12,,Mk-48 GMVLS,naval SAM system,12,,1992; 1993; 1994; 1995; 1996,New,For 12 Halifax (City) frigates produced in Canada,5,60,60
Canada,United States,1986,,15,?,Mk-15 Phalanx,naval gun,15,?,1991; 1992; 1993; 1994,New,For 6 Halifax (City) frigates produced in Canada and modernization of 4 Iroquois (Tribal) frigates and 2 Protecteur support ships,7,105,105
Canada,United States,1990,,6,,Mk-15 Phalanx,naval gun,6,?,1994; 1995,New,Deal worth $32 m; for 6 Halifax (City) frigates produced in Canada,7,42,42
Chile,Italy,2007,,1,,Super Rapid 76mm,naval gun,1,,2009,New,For modernization of Boxer (Type-22 or Williams) frigate,2.75,2.75,2.75
Chile,United States,2001,,1,,Mk-15 Phalanx,naval gun,1,,2001,Second hand,Second-hand; for modernization of 1 Leander (Lynch) frigate; aid,2.8,2.8,2.8
China,France,1988,?,2,?,Compact 100mm,naval gun,2,?,1989,New,Incl for 1 Jianghu-2 (Type-053) frigate,5.25,10.5,10.5
China,France,1986,?,5,?,Crotale EDIR,naval SAM system,5,?,1990; 1991; 1992; 1993; 1996,New,Crotale Modulaire version; for 2 Type-052 (Luhu) destroyers produced in China and modernization of 3 Type-051 (Luda) destroyers; improved HQ-7 version later developed in China,5,25,25
China,Russia,1998,?,2,,3K37,naval SAM system,2,,2004,New,For 2 Type-052B (Luyang-1) destroyers produced in China,15,30,30
China,Russia,2004,?,50,?,AK-176 76mm,naval gun,41,?,2008; 2010; 2011; 2012; 2013; 2015; 2016; 2017; 2018; 2019; 2022; 2023,New,For 50 Type-054A (Jiangkai-2) frigates produced in China; produced under licence as H/PJ-26,2.5,125,102.5
China,Russia,2005,?,8,?,AK-176 76mm,naval gun,8,?,2007; 2011; 2012; 2016; 2018; 2019; 2020,New,Chinese-produced H/PJ-26 version for 8 Type-071 (Yuzhao) AALS produced in China,2.5,20,20
China,Russia,2010,?,72,?,AK-176 76mm,naval gun,72,?,2013; 2014; 2015; 2016; 2017; 2018; 2019; 2020; 2021,New,Chinese-produced H/PJ-26 version for 72 Type-056 (Jiangdao) frigates produced in China,2.5,180,180
China,Russia,2002,?,2,,S-300FM Rif-M,naval SAM system,2,,2006; 2007,New,For 2 Type-051C (Luzhou or Shenyang) destroyers produced in China,20,40,40
China,Soviet Union,1953,?,16,?,B-34 L/56 100mm,naval gun,16,?,1955,New,For modernization of 7 Second-hand frigates and 2 former merchant ships,0.75,12,12
Colombia,Italy,1975,?,4,,Compact 76mm,naval gun,4,,1983; 1984,New,For 4 FS-1500 (Padilla) frigates from FRG,2.5,10,10
Colombia,Italy,2011,?,1,,Compact 76mm,naval gun,1,,2017,New,For 1 OPV-80 OPV from FRG,2.5,2.5,2.5
Colombia,Italy,1980,?,4,,Compact 40L70,naval gun,4,,1983; 1984,New,For 4 FS-1500 (Padilla) frigates from FRG,2.5,10,10
Colombia,United States,1954,?,3,,Mk-26 76mm,naval gun,3,,1956,New,For 3 Arauca patrol craft produced in Colombia,0.2,0.6,0.6
Colombia,United States,1952,?,4,,Mk-30 127mm,naval gun,4,?,1954; 1955,New,For modernization of 2 Antioquia destroyers,0.75,3,3
Croatia,Soviet Union,1989,?,1,,AK-630 30mm,naval gun,1,,1991,New,For modernization of 1 Koncar FAC,1,1,1
Denmark,Italy,1975,?,3,,Compact 76mm,naval gun,3,,1980; 1981; 1982,New,For 3 Niels Juel corvettes produced in Denmark,2.5,7.5,7.5
Denmark,Italy,1972,?,10,,Compact 76mm,naval gun,10,,1976; 1977; 1978,New,For 10 Willemoes FAC from FRG,2.5,25,25
Denmark,Italy,1987,?,4,,Compact 76mm,naval gun,4,,1991; 1992,New,For 4 Thetis OPV produced in Denmark,2.5,10,10
Denmark,United States,1975,?,3,,Mk-29 IBPDMS,naval SAM system,3,,1980; 1981; 1982,New,For 3 Niels Juel corvettes produced in Denmark; for use with Sea Sparrow SAM ,5,15,15
Denmark,United States,1963,?,4,,Mk-32 127mm,naval gun,4,?,1966,Second hand but modernized,Second-hand; probably modernized before delivery; for 2 Peder Skram frigates produced in Denmark,1.65,6.6,6.6
Denmark,United States,2006,?,3,,Mk-41 VLS,naval SAM system,3,,2012; 2013; 2014,New,For 3 Huitfeldt frigates produced in Denmark,20,60,60
Denmark,United States,2002,,2,,Mk-45 127mm,naval gun,2,,2004; 2005,Second hand but modernized,Second-hand; $30 m deal; modernized to Mk-45 Mod-4 before delivery; for 2 Absalon (FSS) frigates/support ships produced in Denmark,3.47,6.93,6.93
Ecuador,France,1974,?,3,,Compact 76mm,naval gun,3,,1976; 1977,New,For 3 TNC-45 (Quito) FAC from FRG,2.5,7.5,7.5
Ecuador,Italy,2007,?,3,?,Compact 40L70,naval gun,3,?,2010; 2011,New,For modernization of 3 Quito FAC,2.5,7.5,7.5
Ecuador,Italy,2020,?,1,,Super Rapid 76mm,naval gun,0,,,New,For 1 MPV70 Mk-2 OPV/transport ship from Germany,2.75,2.75,0
Ecuador,Switzerland,1974,?,3,,GDM 35mm,naval gun,3,,1976; 1977,New,For 3 TNC-45 (Quito) FAC from FRG; GDM-A version,2.5,7.5,7.5
Ecuador,United States,2009,?,1,?,Mk-15 Phalanx,naval gun,1,?,2010,New,Possibly Second-hand; for modernization of Alfaro (Leander) frigate,7,7,7
Egypt,France,2021,,4,,VL-MICA-M,naval SAM system,3,,2022; 2023,New,For MEKO-200 frigates; VL-MICA NG version,5,20,15
Egypt,Italy,2019,?,4,,127/64LW 127mm,naval gun,3,,2022; 2023,New,For MEKO-A200 frigates from Germany,7,28,21
Egypt,Italy,1982,,2,,Albatros,naval SAM system,2,,1984,New,For 2 Descubierta (Abu Qir) frigates from Spain,5,10,10
Egypt,Italy,1978,?,6,,Compact 76mm,naval gun,6,,1981; 1982,New,For 6 Ramadan FAC from UK,2.5,15,15
Egypt,Italy,1978,?,6,,Compact 40L70,naval gun,6,,1981; 1982,New,For 6 Ramadan FAC from UK,2.5,15,15
Egypt,Italy,2006,?,3,,Super Rapid 76mm,naval gun,3,,2013; 2015,New,For 3 Ambassador-4 corvettes from USA; bought via USA,2.75,8.25,8.25
Egypt,Italy,2011,,1,,Super Rapid 76mm,naval gun,1,,2015,New,For 1 Ambassador-4 corvette from USA; bought via USA,2.75,2.75,2.75
Egypt,Italy,2014,,4,,Super Rapid 76mm,naval gun,4,?,2017; 2021; 2022; 2023,New,For 4 Gowind frigates from France,2.75,11,11
Egypt,Italy,2015,,1,,Super Rapid 76mm,naval gun,1,,2015,New,For FREMM frigate from France,2.75,2.75,2.75
Egypt,Sweden,1982,,2,,375mm Twin,ASW MRL,2,,1984,New,For 2 Descubierta Class frigates from Spain,3.5,7,7
Egypt,Switzerland,1980,,6,,GCM-AO3 30mm,naval gun,6,?,1980,New,For 6 MV-70 patrol craft from Italy,1,6,6
Egypt,United States,2001,,4,,Mk-15 Phalanx,naval gun,4,?,2004; 2005; 2006,Second hand but modernized,Second-hand; $32 m deal; modernized to Phalanx Block-1B before delivery,4.62,18.48,18.48
Equatorial Guinea,Ukraine,2008,?,1,,AK-176 76mm,naval gun,1,,2009,Second hand,Second-hand; for Salamnandra (Osa) landing ship from China,1,1,1
Equatorial Guinea,Ukraine,2008,?,2,,Katran-M,naval gun,2,,2009,New,For 1 Salamandra (Osa) landing ship from China,0.55,1.1,1.1
Finland,South Africa,2000,?,4,,Umkhonto VLS,naval SAM system,4,,2002; 2003; 2005; 2006,New,For 4 Hamina FAC produced in Finland,5,20,20
Finland,South Africa,2006,?,2,,Umkhonto VLS,naval SAM system,2,,2007,New,For modernization of 2 Hämeenmaa minelayers,5,10,10
Finland,Sweden,1979,?,4,,SAK-70 Mk-1 57mm,naval gun,4,,1981; 1985; 1986,New,For 4 Helsinki FAC produced in Finland,2.25,9,9
Finland,Sweden,1995,,1,,SAK-70 Mk-1 57mm,naval gun,1,,1998,Second hand but modernized,Probably Second-hand; for modernization of Pohmanjaa minelayer,1.49,1.49,1.49
Finland,Sweden,2000,?,4,,SAK-70 Mk-2 57mm,naval gun,4,,2005; 2006,New,For 4 Hamina FAC produced in Finland,2.5,10,10
Finland,Sweden,2019,?,4,,SAK-70 Mk-2 57mm,naval gun,0,,,New,For 4 Pohmanjaa frigates produced in Finland,2.5,10,0
Finland,Sweden,1965,?,2,,TAK-120 L/46 120mm,naval gun,2,?,1968,New,For 2 Turunmaa corvettes produced in Finland,5,10,10
Finland,Sweden,1977,?,1,,TAK-120 L/46 120mm,naval gun,1,,1979,New,For 1 Pohjanmaa minelayer produced in Finland,5,5,5
Finland,United States,2019,?,4,,Mk-41 VLS,naval SAM system,0,,,New,For 4 Pohmanjaa frigates produced in Finland,20,80,0
Finland,United States,2020,,4,,Mk-41 VLS,naval SAM system,0,,,New,For 4 corvettes produced in Finland,20,80,0
France,Canada,2018,?,2,,Compact 76mm,naval gun,2,,2018,Second hand,Second-hand,1,2,2
France,Italy,2000,?,4,,Super Rapid 76mm,naval gun,4,?,2010,New,For 2 Horizon (Forbin) destroyers produced in France,2.75,11,11
France,Italy,2006,,8,,Super Rapid 76mm,naval gun,8,,2012; 2015; 2016; 2017; 2018; 2019; 2021; 2022,New,EUR40 m deal; for 8 Aquitaine (FREMM) frigates produced in France,2.75,22,22
France,Italy,2017,?,5,,Super Rapid 76mm,naval gun,0,,,New,For 5 FTI frigates produced in France,2.75,13.75,0
France,Sweden,1950,?,15,,375mm Sextuble,ASW MRL,15,,1955; 1956; 1957; 1958,New,For 15 Le Corse (E-50 and E-52A) frigates produced in France,5.5,82.5,82.5
France,United States,1962,?,4,,Mk-74 Tartar GMFCS,naval SAM system,4,?,1964; 1965,New,For modernization of 4 Surcouf (Type-47) destroyers,28.75,115,115
Germany,France,1957,?,57,,Modele-1953 100mm,naval gun,57,,1958; 1959; 1960; 1961; 1962; 1963; 1964; 1965; 1968,New,For 4 Hamburg destroyers; 6 Köln frigates; 1 Deutschland training ship and 11 Rhein support ships produced in FRG and modernization of 1 Hunt (Gneisenau) and 1 Black Swan (Scharnhorst) training ships,4.7,267.9,267.9
Germany,Italy,2007,,5,,127/64LW 127mm,naval gun,5,?,2012; 2019; 2020; 2021; 2022,New,EUR70 m deal; for 4 F-125 frigates produced in Germany and 1 for training,7,35,35
Germany,Italy,2022,?,4,,127/64LW 127mm,naval gun,0,,,New,For 4 F-126 frigates produced in Germany; option on 2 more,7,28,0
Germany,Italy,1976,?,6,,Compact 76mm,naval gun,6,,1982; 1983; 1984,New,For 6 Bremen (Type-122) frigates produced in FRG,2.5,15,15
Germany,Italy,1978,?,10,,Compact 76mm,naval gun,10,,1982; 1983; 1984,New,For 10 Gepard (Type-143A) FAC produced in FRG,2.5,25,25
Germany,Italy,1986,,2,,Compact 76mm,naval gun,2,,1989; 1990,New,For 2 Bremen (Type-122) frigates produced in FRG,2.5,5,5
Germany,Italy,1989,?,4,,Compact 76mm,naval gun,4,,1994; 1995; 1996,New,For 4 Brandenburg (Type-123) frigates produced in FRG,2.5,10,10
Germany,Italy,1972,,20,,Compact 76mm,naval gun,20,,1973; 1974; 1975; 1976,New,For 10 Albatros (Type-143) FAC produced in FRG,2.5,50,50
Germany,Italy,1970,,20,,Compact 76mm,naval gun,20,,1972; 1973; 1974; 1975,New,For 20 Tiger (Type-148 or Combattante-2) FAC produced in FRG,2.5,50,50
Germany,Italy,1996,?,3,,Super Rapid 76mm,naval gun,3,,2004; 2005,New,For 3 Sachsen (Type-124) frigates produced in FRG,2.75,8.25,8.25
Germany,Italy,2001,?,5,,Super Rapid 76mm,naval gun,5,,2008; 2013,New,For 5 Braunschweig (K-130) frigates produced in FRG,2.75,13.75,13.75
Germany,Italy,2018,,7,,Super Rapid 76mm,naval gun,0,,,New,For 5 Braunschweig (K-130) frigates produced in FRG,2.75,19.25,0
Germany,Italy,1959,?,5,,Type-106 40mm,naval gun,5,,1961; 1962; 1963,New,For 5 Thetis corvettes produced in Germany,1.75,8.75,8.75
Germany,Italy,1958,?,16,,Type-64 40mm,naval gun,16,,1964; 1965; 1968,New,For 4 Hamburg destroyers produced in FRG,2,32,32
Germany,Italy,1965,?,22,,Type-64 40mm,naval gun,22,?,1966; 1967; 1968,New,For 8 Lueneburg and 2 Westerwald support ships and 2 Helgoland tugs produced in FRG,2,44,44
Germany,Netherlands,1991,,3,,Goalkeeper,naval gun,3,,1991,New,For 3 Bremen Class (Type-122) frigates produced in FRG,10,30,30
Germany,Sweden,1957,?,25,,375mm Quad,ASW MRL,25,?,1959; 1960; 1961; 1962; 1963; 1964; 1965; 1968,New,For 4 Hamburg destroyers; 6 Kln frigates; 5 Thetis and 1 Burkner corvettes and 1 Deutschland training ship produced in FRG and modernization of 2 Hunt (Gneisenau) destroyers to training ships,5,125,125
Germany,Sweden,1959,?,5,,375mm Quad,ASW MRL,5,,1961; 1962; 1963,New,For 5 Thetis corvettes produced in Germany,5,25,25
Germany,United States,1976,?,6,,Mk-29 IBPDMS,naval SAM system,6,,1982; 1983; 1984,New,For 6 Bremen (Type-122) frigates produced in FRG,5,30,30
Germany,United States,1986,,2,,Mk-29 IBPDMS,naval SAM system,2,,1989; 1990,New,For 2 Bremen (Type-122) frigates produced in FRG,5,10,10
Germany,United States,1996,,3,,Mk-41 VLS,naval SAM system,3,,2004; 2005,New,For 3 Sachsen (Type-124) frigates produced in FRG,20,60,60
Germany,United States,1989,,4,,Mk-41 VLS,naval SAM system,4,,1994; 1995; 1996,New,Mk-41 Mod-3 version for 4 Brandenburg (Type-123) frigates produced in Germany,20,80,80
Gabon,Sweden,1985,,1,,SAK-70 Mk-2 57mm,naval gun,1,,1988,New,For 1 P-400 patrol craft from France,2.5,2.5,2.5
East Germany (GDR),Soviet Union,1973,?,24,?,A-215 Grad-M 122mm,naval MRL,24,?,1976; 1977; 1978; 1979,New,For 12 Frosch landing ships produced in GDR,0.5,12,12
East Germany (GDR),Soviet Union,1977,?,16,,AK-230 30mm,naval gun,16,,1981; 1982; 1983; 1984; 1985,New,For 16 Parchim corvettes produced in GDR,1,16,16
East Germany (GDR),Soviet Union,1977,?,16,,ZiF-31B 57mm,naval gun,16,,1981; 1982; 1983; 1984; 1985,New,For 16 Parchim corvettes produced in GDR,2.5,40,40
Ghana,Italy,1977,?,2,,Compact 76mm,naval gun,2,,1981,New,For 2 PB-57 (Achimota) patrol craft from FRG,2.5,5,5
Greece,Italy,1980,,4,,Compact 76mm,naval gun,4,,1981; 1982,New,For 2 Kortenear frigates from Netherlands,2.5,10,10
Greece,Italy,1974,,20,,Compact 76mm,naval gun,20,,1977; 1978; 1980; 1981,New,For 10 Combattante-3 (Laskos) FAC from France,2.5,50,50
Greece,Italy,1978,?,6,,Compact 76mm,naval gun,6,?,1979; 1980; 1981; 1982; 1983,New,For modernization of 6 Gearing destroyers,2.5,15,15
Greece,Italy,1990,?,2,,Compact 76mm,naval gun,2,,1993; 1994,New,For 2 Hellenic-56 (Pyrpolitis) OPV prodyced in Greece,2.5,5,5
Greece,Italy,2000,,3,,Super Rapid 76mm,naval gun,3,,2005; 2006,New,For 2 Super Vita (Roussen) FAC from UK,2.75,8.25,8.25
Greece,Italy,2008,?,2,,Super Rapid 76mm,naval gun,2,,2020; 2022,New,For 2 Super Vita (Roussen) FAC from UK,2.75,5.5,5.5
Greece,Italy,2003,,2,,Super Rapid 76mm,naval gun,2,,2010; 2015,New,For 2 Super Vita (Roussen) FAC from UK,2.75,5.5,5.5
Greece,Italy,2022,?,3,,Super Rapid 76mm,naval gun,0,,,New,For 3 FDI frigates from France,2.75,8.25,0
Greece,United States,1979,?,2,,EE-30 30mm,naval gun,2,?,1980,New,For modernization of 1 Gearing (Themistocles) destroyer,1,2,2
Greece,United States,1974,?,20,,EE-30 30mm,naval gun,20,,1977; 1978; 1980; 1981,New,For 10 Combattante-3 (Laskos) FAC from France,1,20,20
Greece,United States,1980,,1,,Mk-29 IBPDMS,naval SAM system,1,,1981,New,For 1 Kortenaer frigate from Netherlands,5,5,5
Greece,United States,1981,,1,,Mk-29 IBPDMS,naval SAM system,1,,1982,New,For 1 Kortenaer frigate from Netherlands,5,5,5
Greece,United States,1989,?,4,,Mk-45 127mm,naval gun,4,?,1992; 1996; 1998,New,For 4 MEKO-200HN (Hydra) frigates from FRG,5.25,21,21
Greece,United States,1988,,4,,Mk-48 GMVLS,naval SAM system,4,,1992; 1996; 1998,New,Mk-48 Mod-2 version for 4 MEKO-200 (Hydra) frigates from FRG,5,20,20
Greece,United States,1986,,4,,Mk-15 Phalanx,naval gun,4,?,1987; 1988,New,For modernization of 2 Kortenaer (Elli) frigates,7,28,28
Greece,United States,1988,,8,,Mk-15 Phalanx,naval gun,8,?,1992; 1996; 1998,New,For 4 MEKO-200HN (Hydra) frigates from FRG,7,56,56
Greece,United States,1993,?,3,,Mk-15 Phalanx,naval gun,3,?,1993; 1994; 1995,New,For modernization of 3 Kortenaer (Elli) frigates,7,21,21
Greece,United States,1997,?,1,,Mk-15 Phalanx,naval gun,1,?,1997,New,For modernization of 1 Kortenaer (Elli) frigate,7,7,7
Greece,United States,2002,,2,,Mk-15 Phalanx,naval gun,2,?,2004,Second hand,Second-hand; Phalanx Block-1A version,2.8,5.6,5.6
India,Israel,2004,?,2,,Barak-1 VLS,naval SAM system,2,?,2004; 2005,New,$58 m or $100 m deal; for modernization of 2 Godavari (Project-16) frigates,20,40,40
India,Israel,2000,,7,?,Barak-1 VLS,naval SAM system,7,?,2002; 2003; 2004; 2005,New,INR11.6b ($250 m) deal; for modernization of 1 Viraat aircraft carrier; 2 Kashin (Project-61 or Rajput) destroyers and 1 Godavari (Project-16) frigate and for 3 Brahmaputra (Project-16A) frigates produced in India,20,140,140
India,Israel,2003,?,3,,Barak-1 VLS,naval SAM system,3,?,2005; 2006,New,For modernization of 3 Delhi (Project-15) destroyers (replacing cancelled Trishul),20,60,60
India,Israel,2007,?,3,,Barak-1 VLS,naval SAM system,3,,2010; 2011; 2012,New,For 3 Shivalik (Project-17) frigates produced in India,20,60,60
India,Israel,2019,?,4,,Barak-MX,naval SAM system,3,,2021; 2022; 2023,New,For 4 Visakhapatnam (Project-15B) destroyers produced in India; produced under licence in India,15,60,45
India,Israel,2009,?,5,?,Barak-MX,naval SAM system,3,,2014; 2015; 2016,New,For 3 Kolkata (Project-15A) destroyers and 1 Vikrant (IAC) aircraft carrier produced in India and for modernization of 1 Vikramaditya (Gorshkov) aircraft carrier,15,75,45
India,Israel,2012,?,7,,Barak-MX,naval SAM system,0,,,New,For 7 Project-17A frigates produced in India,15,105,0
India,Italy,2022,?,13,?,127/64LW 127mm,naval gun,0,,,New,For 7 Project-17A (Nilgiri) frigates and 6 Delhi destroyers produced in India; produced under licence in India,7,91,0
India,Italy,1990,?,6,,Compact 76mm,naval gun,6,,2000; 2001; 2004; 2005,New,For 3 Brahmaputra (Project-16A) frigates and 3 Kora (Project-25A) corvettes produced in India,2.5,15,15
India,Italy,2001,?,3,,Super Rapid 76mm,naval gun,3,,2010; 2011; 2012,New,For 3 Shivalik (Project-17) frigates produced in India,2.75,8.25,8.25
India,Italy,1998,?,2,,Super Rapid 76mm,naval gun,2,,2002,New,For 2 Project-1241E (Tarantul; Veer) FAC from Russia,2.75,5.5,5.5
India,Italy,2003,?,4,,Super Rapid 76mm,naval gun,4,,2014; 2015; 2017; 2020,New,Produced under licence in India; for 4 Kamorta (Project-28) frigates produced in India,2.75,11,11
India,Italy,2006,?,4,,Super Rapid 76mm,naval gun,4,,2013; 2014,New,For 4 Saryu OPV produced in India; probably produced in India,2.75,11,11
India,Italy,2001,?,3,,Super Rapid 76mm,naval gun,3,?,2003; 2004; 2005,New,For modernization of 3 Godavari (Project-16) frigates,2.75,8.25,8.25
India,Italy,2009,?,3,,Super Rapid 76mm,naval gun,3,,2014; 2015; 2016,New,For 3 Kolkata (Project-15A) destroyers produced in India; produced under licence in India,2.75,8.25,8.25
India,Italy,2023,,16,,Super Rapid 76mm,naval gun,0,,,New,INR29.6 b deal; produced under licence in India; probably incl for NGMV frigates and NG-OPV OPV produced in India,2.75,44,0
India,Italy,2013,?,4,,Super Rapid 76mm,naval gun,3,,2021; 2022; 2023,New,For 4 Visakhapatnam (Project-15A) destroyers produced in India; produced under licence in India,2.75,11,8.25
India,Italy,2021,,2,?,Super Rapid 76mm,naval gun,0,,,New,For 2 Talwar Batch-4 (Triput) frigates from Russia; produced under licence in India,2.75,5.5,0
India,Italy,2018,?,6,?,Super Rapid 76mm,naval gun,3,,2022; 2023,New,For modernization of 3 Delhi (Project-15) destroyers and 3 Talwar frigates; produced under licence in India,2.75,16.5,8.25
India,Russia,1992,?,8,,A-215 Grad-M 122mm,naval MRL,8,,1997; 2007; 2008; 2009,New,For 4 Magar and Shardul landing ships produced in India,0.5,4,4
India,Russia,1986,?,3,,AK-100 100mm,naval gun,3,,1997; 1999; 2001,New,For 3 Delhi (Project-15) destroyers produced in India; ordered from Soviet Union and delivered from Russia after break-up of Soviet Union,5.25,15.75,15.75
India,Russia,1990,?,1,,AK-176 76mm,naval gun,1,,1998,New,For 1 Kora (Project-25A) corvette produced in India,2.5,2.5,2.5
India,Russia,1990,?,20,,AK-630 30mm,naval gun,20,,1998; 2000; 2001; 2004; 2005,New,For 3 Brahmaputra (Project-16A) frigates and 4 Kora (Project-25A) corvettes produced in India,1,20,20
India,Russia,2003,?,12,,AK-630 30mm,naval gun,12,,2014; 2015; 2016,New,For 3 Kolkata (Project-15A) destroyers produced in India,1,12,12
India,Russia,2006,?,16,,AK-630 30mm,naval gun,16,?,2012; 2013; 2014,New,For 4 Saryu OPV produced in India and 2 Deepak support ships from Italy,1,16,16
India,Russia,2013,?,16,,AK-630 30mm,naval gun,4,,2021,New,For 4 Project-15B (Visakhapatnam) destroyers produced in India,1,16,4
India,Russia,2003,?,8,,AK-630 30mm,naval gun,8,,2014; 2015; 2017; 2020,New,For 4 Kamorta (Project-28) frigates produced in India,1,8,8
India,Russia,2010,?,4,,AK-630 30mm,naval gun,4,,2022,New,For 1 Vikrant (IAC or Project-71) aircraft carrier produced in India,1,4,4
India,Russia,2012,?,14,,AK-630 30mm,naval gun,0,,,New,For 7 Project-17A frigates produced in India; AK-630M version,1,14,0
India,Russia,2003,?,6,,RBU-6000,ASW MRL,6,,2014; 2015; 2016,New,For 3 Kolkata (Project-15A) destroyers produced in India; produced under licence in India,3.5,21,21
India,Russia,1986,,6,,RBU-6000,ASW MRL,6,,1997; 1999; 2001,New,For 3 Delhi (Project-15) destroyers produced in India,3.5,21,21
India,Russia,1999,,6,,RBU-6000,ASW MRL,6,,2010; 2011; 2012,New,For 3 Shivalik (Project-17) frigates produced in India,3.5,21,21
India,Russia,2003,?,8,,RBU-6000,ASW MRL,8,,2014; 2015; 2017; 2020,New,For 4 Kamorta (Project-28) frigates produced in India; produced under licence in India,3.5,28,28
India,Russia,2013,?,8,,RBU-6000,ASW MRL,6,,2021; 2022; 2023,New,For 4 Visakhapatnam (Project-15B) destroyers produced in India; probably produced under licence in India,3.5,28,21
India,Sweden,1974,?,2,,375mm Twin,ASW MRL,2,,1980; 1981,New,For 2 Leander (Nilgiri) frigates from UK,3.5,7,7
India,Soviet Union,1985,?,2,,A-215 Grad-M 122mm,naval MRL,2,?,1987,New,For 1 Magar landing ship produced in India; designation uncertain,0.5,1,1
India,Soviet Union,1983,?,4,,AK-176 76mm,naval gun,4,,1989; 1990; 1991,New,For 4 Khukri (Project-25) corvettes produced in India,2.5,10,10
India,Soviet Union,1978,?,12,,AK-230 30mm,naval gun,12,,1983; 1985; 1988,New,For 3 Godavari (Project-16) frigates produced in India,1,12,12
India,Soviet Union,1983,?,8,,AK-630 30mm,naval gun,8,,1989; 1990; 1991,New,For 4 Khukri (Project-25) corvettes produced in India,1,8,8
India,Soviet Union,1978,?,3,,AK-725 57mm,naval gun,3,,1983; 1985; 1988,New,For 3 Godavari (Prorject-16) frigates produced in India,2.25,6.75,6.75
India,Soviet Union,1978,?,3,,ZIF-22,naval SAM system,3,?,1983; 1985; 1988,New,For 3 Godavari (Project-16A) frigates produced in India,6,18,18
Indonesia,China,2013,?,8,?,NG-18 30mm,naval gun,8,?,2013; 2014,New,For 8 KCR-40 FAC produced in Indonesia,1,8,8
Indonesia,China,2016,?,2,,NG-18 30mm,naval gun,2,,2017,New,For modernization of 2 KCR-60 FAC,1,2,2
Indonesia,China,2014,?,1,,Type-825 30mm,naval gun,1,,2015,New,For modernization of 1 Pattimura (Parchim) corvette,10,10,10
Indonesia,China,2016,,1,,Type-825 30mm,naval gun,1,,2017,New,For modernization of 1 Pattimura (Parchim) corvette,10,10,10
Indonesia,France,2016,,2,,VL-MICA-M,naval SAM system,2,,2019; 2020,New,For 2 SIGMA-10514 (Martadinata) frigates from Netherlands,5,10,10
Indonesia,Italy,2004,,2,,Super Rapid 76mm,naval gun,2,,2007,New,For 2 SIGMA-90 frigates from Netherlands,2.75,5.5,5.5
Indonesia,Italy,2005,,2,,Super Rapid 76mm,naval gun,2,,2008; 2009,New,For 2 SIGMA-90 frigates from Netherlands,2.75,5.5,5.5
Indonesia,Italy,2012,?,2,,Super Rapid 76mm,naval gun,2,,2017,New,For 2 SIGMA-105 frigates from Netherlands,2.75,5.5,5.5
Indonesia,Italy,2013,,3,,Super Rapid 76mm,naval gun,3,,2014,New,For 3 Brunei frigates from UK,2.75,8.25,8.25
Indonesia,Sweden,1975,?,4,,SAK-70 Mk-1 57mm,naval gun,4,,1979; 1980,New,For 4 PSSM-5 (Dagger or Mandau) FAC from South Korea,2.25,9,9
Indonesia,Sweden,1982,?,4,,SAK-70 Mk-2 57mm,naval gun,4,,1988; 1989; 1992; 1993,New,For 4 PB-57 (Singa) patrol craft from FRG,2.5,10,10
Indonesia,Sweden,1994,,4,,SAK-70 Mk-2 57mm,naval gun,4,,2000; 2002; 2004,New,For 4 PB-57 (Todak) patrol craft from FRG,2.5,10,10
Indonesia,Sweden,2019,,4,,SAK-70 Mk-2 57mm,naval gun,4,,2022; 2023,New,SAK-70 Mk-3 version; for 4 KCR-60 FAC produced in Indonesia,2.5,10,10
Indonesia,Sweden,1975,?,3,,TAK-120 L/46 120mm,naval gun,3,,1979; 1980,New,For 3 Fatahillah Class frigates delivered from Netherlands,5,15,15
Iran,Italy,1974,?,12,?,Compact 76mm,naval gun,12,,1977; 1978; 1981,New,For 12 Combattante (Kaman) FAC from France,2.5,30,30
Iran,Switzerland,1966,?,4,,GDM 35mm,naval gun,4,,1971; 1972,New,For 4 Saam frigates from UK,2.5,10,10
Iran,United Kingdom,1975,?,4,,Mk-8 4.5-inch,naval gun,4,?,1977; 1979,New,For modernization of 4 Saam frigates,5,20,20
Ireland,Italy,1997,,2,,Compact 76mm,naval gun,2,,1999; 2001,New,For 2 Roisin OPV from Canada,2.5,5,5
Ireland,Italy,2010,?,2,,Super Rapid 76mm,naval gun,2,,2014; 2015,New,For 2 PV-90 OPV from UK,2.75,5.5,5.5
Ireland,Italy,2016,,1,,Super Rapid 76mm,naval gun,1,,2018,New,For 1 PV-90 OPV from UK,2.75,2.75,2.75
Ireland,Italy,2014,,1,,Super Rapid 76mm,naval gun,1,,2016,New,For 1 PV-90 OPV from UK,2.75,2.75,2.75
Ireland,Sweden,1982,?,1,,SAK-70 Mk-1 57mm,naval gun,1,,1984,New,For 1 Eithne OPV produced in Ireland,2.25,2.25,2.25
Iraq,Sweden,1977,,1,,375mm Twin,ASW MRL,1,,1980,New,For 1 Ibn Khaldoum frigate from Yugoslavia,3.5,3.5,3.5
Iraq,Sweden,1977,?,1,,SAK-70 Mk-1 57mm,naval gun,1,,1980,New,For 1 Ibn Khaldoum frigate from Yugoslavia,2.25,2.25,2.25
Israel,Italy,1971,?,20,,Compact 76mm,naval gun,20,?,1973; 1974; 1975; 1979; 1980,New,For 10 Saar-4 (Reshef) FAC produced in Israel,2.5,50,50
Israel,Italy,1968,,6,,Compact 76mm,naval gun,6,,1969; 1970,New,For 6 Saar-3 FAC from FRG,2.5,15,15
Israel,Italy,2015,?,4,,Super Rapid 76mm,naval gun,4,?,2022; 2023,New,For 4 MEKO PC-IN (Sa'ar-6) frigates from Germany,2.75,11,11
Israel,United States,1984,?,2,,Mk-15 Phalanx,naval gun,2,?,1985,New,For modernization of 2 Saar-4.5 (Hetz) FAC,7,14,14
Israel,United States,1986,?,3,?,Mk-15 Phalanx,naval gun,3,,1991; 1994; 1995,New,For 4 Saar-4.5 (Hetz) FAC produced in Israel and modernization of 2 older Saar-4.5,7,21,21
Israel,United States,1985,?,8,,Mk-15 Phalanx,naval gun,8,?,1987; 1988,New,For modernization of 8 Saar-4 (Reshef) FAC,7,56,56
Italy,United States,1957,?,3,,MK-10 Terrier,naval SAM system,3,,1961; 1964,New,For 2 Doria cruisers produced in Italy and modernization of 1 Garibaldi cruiser,35,105,105
Italy,United States,1965,?,1,,MK-10 Terrier,naval SAM system,1,,1969,New,ASTER version for 1 Vittorio Veneto cruiser produced in Italy,35,35,35
Italy,United States,1956,?,1,,Mk-32 127mm,naval gun,1,?,1963,Second hand,Second-hand; for 1 Impavido Class destroyer produced in Italy,1,1,1
Italy,United States,1951,?,6,,Mk-32 127mm,naval gun,6,?,1954; 1955,Second hand,Second-hand; for modernization of 2 San Giorgio Class destroyers,1,6,6
Italy,United States,1950,?,4,,Mk-32 127mm,naval gun,4,,1958,Second hand,Second-hand; for 2 Impetuoso Class destroyers produced in Italy,1,4,4
Italy,United States,1956,?,2,,Mk-74 Tartar GMFCS,naval SAM system,2,,1963; 1964,New,For 2 Impavido destroyers produced in Italy,28.75,57.5,57.5
Italy,United States,1966,?,2,,Mk-74 Tartar GMFCS,naval SAM system,2,,1972,New,For 2 Audace destroyers produced in Italy,28.75,57.5,57.5
Italy,United States,1986,?,2,,Mk-74 Tartar GMFCS,naval SAM system,2,?,1991; 1992,New,For 2 Animoso destroyers produced in Italy,28.75,57.5,57.5
Japan,Italy,1978,?,49,,Compact 76mm,naval gun,49,,1981; 1982; 1983; 1984; 1985; 1986; 1987; 1988; 1989; 1990; 1991; 1993; 1995; 1996; 1997; 1998; 1999; 2000; 2001; 2002; 2003; 2004,New,For 9 Murasame; 8 Asagiri; 12 Hatsayuki; 6 Abukuma and 3 Ishikari frigates; 6 Hayabusa FAC; 2 Uraga support ships; 1 Tenryu; 1 Kashima and 1 Kurobe training ship produced in Japan; produced under licence in Japan,2.5,122.5,122.5
Japan,Italy,1988,?,4,,Compatto 127mm,naval gun,4,,1993; 1995; 1996; 1998,New,For 4 Kongou destroyers produced in Japan,5.25,21,21
Japan,Italy,1999,?,5,,Compatto 127mm,naval gun,5,,2003; 2004; 2005; 2006,New,For 5 Takanami frigates produced in Japan,5.25,26.25,26.25
Japan,Sweden,1962,?,18,?,375mm Quad,ASW MRL,18,,1964; 1966; 1967; 1968; 1969; 1970; 1972; 1974; 1977; 1978,New,For 6 Yamagumo; 2 Takatsuki; 3 Minegumo; 2 Isuzu frigates and 1 Katori training ship produced in Japan and modernization of 2 Akizuki destroyers; possibly assembled/produced in Japan,5,90,90
Japan,Switzerland,1990,?,2,,GDM 35mm,naval gun,2,,1992,New,For 1 Shikishima OPV produced in Japan; GDM-C version,2.5,5,5
Japan,United States,1953,?,14,,40mm Twin Bofors,naval gun,14,,1956,Second hand,Probably Second-hand; for 2 Harukaze destroyers and 1 Akebono and 2 Ikazuchi frigate sproduced in Japan,0.4,5.6,5.6
Japan,United States,1968,?,11,?,40mm Twin Bofors,naval gun,11,?,1970; 1971; 1972; 1973; 1974; 1975; 1977,Second hand,For 11 Chikugo frigates produced in Japan,0.4,4.4,4.4
Japan,United States,1970,,9,,40mm Twin Bofors,naval gun,9,?,1972; 1973; 1974; 1975; 1976; 1977,Second hand,Probably Second-hand; for 3 Atsumi and 3 Miuri landing ships produced in Japan,0.4,3.6,3.6
Japan,United States,1954,?,37,,40mm Twin Bofors,naval gun,37,?,1957; 1959; 1960; 1963; 1964; 1965,Second hand,Second-hand; for 7 Kamome; 1 Hayabusa; 2 Umitaka and 10 Mizutori patrol craft produced in Japan,0.4,14.8,14.8
Japan,United States,1985,?,8,,ASROC,ASW MRL,8,,1988; 1989; 1990; 1991,New,For 8 Asagiri destroyers produced in Japan,4,32,32
Japan,United States,1978,?,12,,ASROC,ASW MRL,12,,1982; 1983; 1984; 1985; 1986; 1987,New,For 12 Hatsuyuki destroyers produced in Japan,4,48,48
Japan,United States,1963,?,3,,ASROC,ASW MRL,3,,1965; 1966; 1967,New,For 3 Yamagumo destroyers produced in Japan,4,12,12
Japan,United States,1970,?,3,,ASROC,ASW MRL,3,,1972; 1973; 1977,New,For 3 Yamagumo destroyers produced in Japan,4,12,12
Japan,United States,1978,,3,,ASROC,ASW MRL,3,,1979; 1981; 1982,New,For modernization of 3 Minegumo destroyers,4,12,12
Japan,United States,1967,?,1,,ASROC,ASW MRL,1,,1968,New,For modernization of 1 Amatsukaze destroyer,4,4,4
Japan,United States,1967,?,11,,ASROC,ASW MRL,11,,1970; 1971; 1972; 1973; 1974; 1975; 1977,New,For 11 Chikugo destroyer-escorts produced in Japan,4,44,44
Japan,United States,1972,?,3,,ASROC,ASW MRL,3,,1976; 1979; 1983,New,For 3 Tachikaze destroyers produced in Japan,4,12,12
Japan,United States,1969,?,2,,ASROC,ASW MRL,2,,1973; 1974,New,For 2 Haruna destroyers produced in Japan,4,8,8
Japan,United States,1975,?,2,,ASROC,ASW MRL,2,,1980; 1981,New,For 2 Shirane destroyers produced in Japan,4,8,8
Japan,United States,1981,?,2,,ASROC,ASW MRL,2,,1986; 1988,New,For 2 Hatakaze destroyers produced in Japan,4,8,8
Japan,United States,1954,?,4,,Mk-26 76mm,naval gun,4,,1956,Second hand,Probably Second-hand; for 1 Akebono and 2 Ikazuchi frigates and 1 Tsuguru minelayer produced in Japan,0.08,0.32,0.32
Japan,United States,1978,?,14,,Mk-29 IBPDMS,naval SAM system,14,,1982; 1983; 1984; 1985; 1986; 1987,New,For 12 Hatsuyuki destroyers produced on Japan and modernisation of 2 Takatsuki destroyers,5,70,70
Japan,United States,1985,?,2,,Mk-29 IBPDMS,naval SAM system,2,,1987; 1989,New,For modernization of 2 Haruna destroyers,5,10,10
Japan,United States,1984,?,8,,Mk-29 IBPDMS,naval SAM system,8,,1988; 1989; 1990; 1991,New,For 8 Asagiri destroyers produced in Japan,5,40,40
Japan,United States,1976,,2,,Mk-29 IBPDMS,naval SAM system,2,,1980; 1981,New,For 2 Shirane destroyers produced in Japan,5,10,10
Japan,United States,1953,?,6,,Mk-30 127mm,naval gun,6,,1956,Second hand,Probably Second-hand; for 2 Harukaze destroyers produced in Japan,0.3,1.8,1.8
Japan,United States,1966,?,6,,Mk-33 76mm,naval gun,6,,1968; 1969; 1970,New,For 3 Minegumo frigates produced in Japan,2.5,15,15
Japan,United States,1963,?,6,,Mk-33 76mm,naval gun,6,,1966; 1967,New,For 3 Yamagumo frigates produced in Japan,2.5,15,15
Japan,United States,1970,?,8,,Mk-33 76mm,naval gun,8,,1971; 1972; 1973; 1974; 1978,New,For 3 Yamagumo frigates and 1 Hayase and 1 Souya minelayer produced in Japan,2.5,20,20
Japan,United States,1961,?,2,,Mk-33 76mm,naval gun,2,,1965,New,For Amatsukaze destroyer produced in Japan,2.5,5,5
Japan,United States,1957,?,10,,Mk-33 76mm,naval gun,10,,1959; 1960,New,For 2 Akizuki and 3 Murasame destroyers produced in Japan,2.5,25,25
Japan,United States,1955,?,22,,Mk-33 76mm,naval gun,22,,1956; 1958; 1960,New,For 7 Ayanami destroyers and 1 Wakaba frigate produced in Japan,2.5,55,55
Japan,United States,1959,?,8,,Mk-33 76mm,naval gun,8,,1961; 1964,New,For 4 Isuzu frigates produced in Japan,2.5,20,20
Japan,United States,1967,?,13,,Mk-33 76mm,naval gun,13,,1968; 1970; 1971; 1972; 1973; 1974; 1975; 1977,New,For 11 Chikugo frigates ship and 1 Katori training ship produced in Japan,2.5,32.5,32.5
Japan,United States,1972,?,3,,Mk-33 76mm,naval gun,3,,1974; 1975; 1976,New,For 3 Miura landing ships produced in Japan,2.5,7.5,7.5
Japan,United States,1956,?,9,,Mk-39 127mm,naval gun,9,,1959,Second hand,Second-hand; for 3 Murasame destroyers produced in Japan,1.6,14.4,14.4
Japan,United States,1957,?,6,,Mk-39 127mm,naval gun,6,,1960,New,Possibly Second-hand; for 2 Akizuki destroyers produced in Japan,4,24,24
Japan,United States,2007,?,4,,Mk-41 VLS,naval SAM system,4,,2012; 2013; 2014,New,For 4 Akizuki frigates produced in Japan,20,80,80
Japan,United States,1988,?,4,,Mk-41 VLS,naval SAM system,4,,1993; 1995; 1996; 1998,New,For 4 Kongou destroyers produced in Japan,20,80,80
Japan,United States,2002,?,2,,Mk-41 VLS,naval SAM system,2,,2007; 2008,New,For 2 Atago destroyers produced in Japan,20,40,40
Japan,United States,2004,?,2,,Mk-41 VLS,naval SAM system,2,,2009; 2011,New,For 2 Hyuga helicopter carriers produced in Japan,20,40,40
Japan,United States,1998,?,5,,Mk-41 VLS,naval SAM system,5,,2003; 2004; 2005; 2006,New,For 5 Takanami destroyers produced in Japan,20,100,100
Japan,United States,2013,?,2,,Mk-41 VLS,naval SAM system,2,,2018; 2019,New,For 2 Asahi frigates produced in Japan,20,40,40
Japan,United States,2015,?,2,,Mk-41 VLS,naval SAM system,2,,2020; 2021,New,For 2 Maya destroyers produced in Japan,20,40,40
Japan,United States,2017,?,12,?,Mk-41 VLS,naval SAM system,5,,2022; 2023,New,For 12 Mogami (FFM or 30DDX) frigates produced in Japan,20,240,100
Japan,United States,1975,?,4,,Mk-42 127mm,naval gun,4,,1980; 1981,New,For 2 Shirane frigates produced in Japan,4.7,18.8,18.8
Japan,United States,1967,?,4,,Mk-42 127mm,naval gun,4,,1973; 1974,New,For 2 Haruna frigates produced in Japan,4.7,18.8,18.8
Japan,United States,1972,?,6,,Mk-42 127mm,naval gun,6,,1976; 1979; 1983,New,For 3 Tachikaze destroyers produced in Japan,4.7,28.2,28.2
Japan,United States,1963,?,8,,Mk-42 127mm,naval gun,8,,1967; 1968; 1969; 1970,New,For 4 Takatsuki frigates produced in Japan,4.7,37.6,37.6
Japan,United States,1983,?,2,?,Mk-42 127mm,naval gun,2,,1986,New,For 1 Hatakaze destroyer produced in Japan,4.7,9.4,9.4
Japan,United States,2003,,2,,Mk-45-4 127mm,naval gun,2,,2007; 2008,New,For 2 Atago destroyers produced in Japan,7.5,15,15
Japan,United States,2007,?,4,,Mk-45-4 127mm,naval gun,4,,2012; 2013; 2014,New,For 4 Akizuki frigates produced in Japan,7.5,30,30
Japan,United States,2017,?,12,,Mk-45-4 127mm,naval gun,5,,2022; 2023,New,For 12 Mogami (FFM or 30DDX) frigates produced in Japan,7.5,90,37.5
Japan,United States,2013,?,2,,Mk-45-4 127mm,naval gun,2,,2018; 2019,New,For 2 Asahi frigates produced in Japan,7.5,15,15
Japan,United States,2015,?,2,,Mk-45-4 127mm,naval gun,2,,2020; 2021,New,Produced under licence in Japan; for 2 Maya destroyers produced in Japan,7.5,15,15
Japan,United States,1988,?,34,,Mk-15 Phalanx,naval gun,34,?,1989; 1990; 1991; 1992; 1993; 1994; 1995; 1996,New,For 6 Abukuma Class frigates produced in Japan and modernization of 12 Hatsuyuki and 2 Shirane Class frigates,7,238,238
Japan,United States,1998,?,4,,Mk-15 Phalanx,naval gun,4,,2000,New,$49 m deal; probably for Murasame frigates,7,28,28
Japan,United States,1981,?,31,,Mk-15 Phalanx,naval gun,31,?,1982; 1986; 1987; 1988; 1989; 1990; 1991,New,For 2 Hatakaze destroyers and 8 Asagiri frigates produced in Japan and modernization of 3 Tachikaze destroyers and 1 Takatsuki and 2 Haruna frigates,7,217,217
Japan,United States,1995,,2,,Mk-15 Phalanx,naval gun,2,?,1998,New,$7.7 m deal; for 1 Kongou destroyer produced in Japan,7,14,14
Japan,United States,1993,?,38,?,Mk-15 Phalanx,naval gun,38,?,1996; 1997; 1998; 1999; 2000; 2001; 2002; 2003; 2004; 2005; 2006; 2007,New,For 2 Improved Kongou destroyers; 9 Murasame and 5 Takanami frigates and 3 Oosumi AALS produced in Japan; incl some Block-1B version,7,266,266
Japan,United States,1988,?,6,,Mk-15 Phalanx,naval gun,6,?,1993; 1995; 1996,New,$66 m deal; for 3 Kongou destroyers produced in Japan,7,42,42
Japan,United States,2007,?,8,,Mk-15 Phalanx,naval gun,8,,2012; 2013; 2014,New,For 4 Akizuki frigates produced in Japan; Block-1B version,7,56,56
Japan,United States,2013,?,4,,Mk-15 Phalanx,naval gun,4,,2018; 2019,New,For 2 Asahi frigate produced in Japan,7,28,28
Japan,United States,2015,?,4,,Mk-15 Phalanx,naval gun,4,,2020; 2021,New,For 2 Maya destroyers produced in Japan,7,28,28
Japan,United States,2011,,4,,SeaRAM,naval SAM system,4,,2015; 2017,New,For 2 Izumo helicopter carriers produced in Japan,7,28,28
Japan,United States,2017,?,12,,SeaRAM,naval SAM system,5,,2022; 2023,New,For 12 Mogami (FFM or 30DDX) frigates produced in Japan,7,84,35
Japan,United States,1981,?,2,,Mk-74 Tartar GMFCS,naval SAM system,2,,1986; 1988,New,For 2 Hatakaze destroyers produced in Japan,28.75,57.5,57.5
Japan,United States,1972,?,3,,Mk-74 Tartar GMFCS,naval SAM system,3,,1976; 1979; 1983,New,For 3 Tachikaze destroyers produced in Japan,28.75,86.25,86.25
Japan,United States,1960,?,1,,Mk-74 Tartar GMFCS,naval SAM system,1,,1965,New,For 1 Amatsukaze destroyer produced in Japan,28.75,28.75,28.75
Japan,United States,1957,?,2,,Mk-108 Weapon Alpha,ASW rocket launcher,2,,1960,New,For 2 Akizuki frigates produced in Japan,1.5,3,3
Japan,United States,1959,?,3,,Mk-108 Weapon Alpha,ASW rocket launcher,3,,1961; 1963,New,For 2 Isuzu frigates produced in Japan and modernization of 1 Fletcher (Ariake) destroyer,1.5,4.5,4.5
Kenya,Italy,1984,?,2,,Compact 76mm,naval gun,2,,1987,New,For 2 Province (Nyayo) FAC from UK,2.5,5,5
Kenya,Italy,1996,?,2,,Compact 76mm,naval gun,2,?,1997,New,For 2 Shujaa patrol craft from Spain,2.5,5,5
Kenya,Montenegro,2016,?,1,,AK-630 30mm,naval gun,1,,2017,Second hand,Second-hand; for modernization of Jasiri OPV,0.4,0.4,0.4
Kenya,Montenegro,2016,?,1,,SAK-70 Mk-1 57mm,naval gun,1,,2017,Second hand,Second-hand; for modernization of Jasiri OPV,0.9,0.9,0.9
Kenya,United Kingdom,1981,?,4,,GCM-AO3 30mm,naval gun,4,,1982; 1983,New,For modernization of 3 Brooke-32m (Madaraka) and 1 Brooke-37.5m (Mamba) patrol craft to FAC,1,4,4
South Korea,Italy,1978,?,68,,Compact 76mm,naval gun,68,,1981; 1982; 1983; 1984; 1985; 1986; 1988; 1989; 1990; 1993; 1997,New,For 9 Ulsan; 24 Po Hang; 4 Donghae frigates; 1 Won San minelayer and 1 Han Kang OPV produced in South Korea,2.5,170,170
South Korea,Italy,1978,?,55,,Compact 40L70,naval gun,55,,1985; 1986; 1988; 1989; 1990; 1993,New,For 5 Ulsan and 20 Po Hang frigates produced in South Korea,2.5,137.5,137.5
South Korea,Italy,1992,,3,,Compatto 127mm,naval gun,3,,1998; 1999; 2000,New,For 3 KDX-1 (Kwanggaeto the Great) frigates produced in South Korea,5.25,15.75,15.75
South Korea,Netherlands,1991,?,2,,Goalkeeper,naval gun,2,,1998,New,For 1 KDX-1 (Kwanggaeto the Great) frigate produced in South Korea,10,20,20
South Korea,Netherlands,1995,,4,,Goalkeeper,naval gun,4,,1999; 2000,New,For 2 KDX-1 (Kwanggaeto the Great) frigates produced in South Korea,10,40,40
South Korea,Netherlands,1999,,3,,Goalkeeper,naval gun,3,,2003; 2004; 2005,New,For 3 KDX-2 frigates produced in South Korea,10,30,30
South Korea,Netherlands,2003,,5,,Goalkeeper,naval gun,5,,2007; 2008; 2010; 2012,New,$54 m deal; for 1 Dokdo (LPX) AALS and 3 KDX-3 destroyers produced in South Korea,10,50,50
South Korea,United States,1979,?,16,,EE-30 30mm,naval gun,16,,1982; 1983; 1984; 1985; 1986; 1988,New,For 4 Donghae and 4 Pohang corvettes produced in South Korea,1,16,16
South Korea,United States,2002,,3,,Mk-41 VLS,naval SAM system,3,,2008; 2010; 2012,New,For 3 Daewang (KDX-3) destroyers produced in South Korea,20,60,60
South Korea,United States,1999,?,6,,Mk-41 VLS,naval SAM system,6,,2003; 2004; 2005; 2006; 2007; 2008,New,For 6 Yi Sun-Shin (KDX-2) destroyers produced in South Korea,20,120,120
South Korea,United States,2019,?,3,,Mk-41 VLS,naval SAM system,0,,,New,For 3 Daewang (KDX-3 Batch-2) destroyers produced in South Korea,20,60,0
South Korea,United States,1999,,3,,Mk-45 127mm,naval gun,3,,2003; 2004; 2005,New,$22 m deal; produced under licence in South Korea; for 3 KDX-2 frigates produced in South Korea; Mk-45 Mod-4 version,5.25,15.75,15.75
South Korea,United States,2002,?,3,,Mk-45 127mm,naval gun,3,,2008; 2010; 2012,New,For 3 KDX-3 destroyers produced in South Korea,5.25,15.75,15.75
South Korea,United States,2009,?,6,?,Mk-45 127mm,naval gun,6,,2013; 2014; 2015; 2016,New,For 6 Incheon (FFX) frigates produced in South Korea,5.25,31.5,31.5
South Korea,United States,2012,?,1,,Mk-45-4 127mm,naval gun,1,,2018,New,For 1 FFX-2 (Daegu) frigate produced in South Korea,7.5,7.5,7.5
South Korea,United States,2017,?,7,,Mk-45-4 127mm,naval gun,6,?,2021; 2023,New,For 7 Daegu (FFX-2) frigates produced in South Korea,7.5,52.5,45
South Korea,United States,2011,,6,,Mk-15 Phalanx,naval gun,6,,2013; 2014; 2015; 2016,New,Phalanx Block-1B version for 6 Incheon (FFX) frigates produced in South Korea,7,42,42
South Korea,United States,2014,,9,,Mk-15 Phalanx,naval gun,8,?,2018; 2021; 2023,New,$123 m deal; Phalanx Block-1B version for 8 Daegu (improved Incheon or FFX Batch-2) frigates and 1 Soyang (AOE-2) support ship produced in South Korea,7,63,56
South Korea,United States,2015,?,2,,Mk-15 Phalanx,naval gun,2,,2021,New,For 1 Dokdo AALS produced in South Korea,7,14,14
South Korea,United States,2022,,4,,Mk-15 Phalanx,naval gun,0,,,New,Mk-15 Mod-25 version,7,28,0
Libya,Italy,1978,?,1,,Albatros,naval SAM system,1,,1983,New,Albatross Mk-2 SAM for modernization of 1 Dat Assawari frigate,5,5,5
Libya,Italy,1975,?,10,,Compact 76mm,naval gun,10,,1982; 1983; 1984,New,For 10 Combattante-2G (Beir) FAC from France,2.5,25,25
Libya,Italy,1975,?,16,,Compact 40L70,naval gun,16,,1977; 1978; 1982; 1983; 1984,New,For 10 Combattante-2G (Beir) FAC and 2 PS-700 (Ibn Ouf) landing ships from France,2.5,40,40
Malaysia,France,1981,?,2,,Compact 100mm,naval gun,2,,1984,New,For 2 FS-1500 (Kasturi) frigates from FRG,5.25,10.5,10.5
Malaysia,France,1983,?,2,,Compact 100mm,naval gun,2,,1985; 1986,New,For 2 Musytari OPV from South Korea,5.25,10.5,10.5
Malaysia,Italy,2000,?,6,,Super Rapid 76mm,naval gun,6,?,2006; 2009; 2010,New,For 6 MEKO-A100 (Kedah) OPV from FRG,2.75,16.5,16.5
Malaysia,Sweden,1981,?,2,,375mm Twin,ASW MRL,2,,1984,New,For 2 FS-1500 (Kasturi) frigates from FRG,3.5,7,7
Malaysia,Sweden,1981,?,2,,SAK-70 Mk-1 57mm,naval gun,2,,1984,New,For 2 FS-1500 (Kasturi) frigates from FRG,2.25,4.5,4.5
Malaysia,Sweden,1970,?,4,,SAK-70 Mk-1 57mm,naval gun,4,,1972; 1973,New,For 4 Combattante-2 (Perdana) FAC from France,2.25,9,9
Malaysia,Sweden,1973,?,6,,SAK-70 Mk-1 57mm,naval gun,6,,1976; 1977,New,For 6 FPB-45 (Jerong) patrol craft frpm FRG,2.25,13.5,13.5
Malaysia,Sweden,1979,,1,,SAK-70 Mk-1 57mm,naval gun,1,,1980,New,For 1 Sri Indera Sakti support ship from Germany,2.25,2.25,2.25
Malaysia,Sweden,1981,,2,,SAK-70 Mk-1 57mm,naval gun,2,,1983,New,For 1 Sri Indera Sakti support ship from Germany,2.25,4.5,4.5
Malaysia,Sweden,1992,?,2,,SAK-70 Mk-2 57mm,naval gun,2,,1999,New,For 2 Lekiu frigates from UK,2.5,5,5
Malaysia,Sweden,2013,,6,,SAK-70 Mk-2 57mm,naval gun,0,,,New,$57 m deal; SAK-70 Mk-3 version; for 6 Gowind frigates from France; probably including assembly and/or production of components in Malaysia,2.5,15,0
Malaysia,United States,1981,,4,,EE-30 30mm,naval gun,4,,1984,New,For 2 FS-1500 (Kasturi) frigates from FRG,1,4,4
Malaysia,United States,1983,?,2,,EE-30 30mm,naval gun,2,,1985; 1986,New,For 2 Musytari OPV from South Korea,1,2,2
Mexico,Italy,2001,?,4,,Compact 76mm,naval gun,4,,2003; 2011; 2012,New,For 4 Oaxaca OPV produced in Mexico,2.5,10,10
Mexico,Italy,1994,,1,,Compact 76mm,naval gun,1,,1995,New,For modernization of 1 Azueta (Edsall) frigate,2.5,2.5,2.5
Mexico,Sweden,2014,,4,,SAK-70 Mk-2 57mm,naval gun,4,,2016; 2017; 2018; 2021,New,SAK-70 Mk-3 version; for 4 Oaxaca OPV produced in Mexico,2.5,10,10
Mexico,Sweden,1998,,8,,SAK-70 Mk-2 57mm,naval gun,8,,1999; 2000; 2001; 2003,New,Incl 4 SAK-70 Mk-3 version; for 4 Sierra and 4 Durango OPVs produced in Mexico,2.5,20,20
Mexico,Sweden,2017,?,1,,SAK-70 Mk-2 57mm,naval gun,1,,2020,New,SAK-70 Mk-3 version; for 1 SIGMA-105 (Reformador) frigate from Netherlands,2.5,2.5,2.5
Mexico,United States,2018,?,1,,Mk-56 VLS,naval SAM system,1,,2020,New,For 1 SIGMA-105 (Reformador) frigate from Netherlands,5,5,5
Morocco,Italy,1977,,1,,Albatros,naval SAM system,1,,1983,New,For 1 Descubierta frigate from Spain,5,5,5
Morocco,Italy,1977,?,5,,Compact 76mm,naval gun,5,,1981; 1982; 1983,New,For 1 Descubierta frigate and 4 Lazaga FAC from Spain,2.5,12.5,12.5
Morocco,Italy,1973,?,2,,Compact 76mm,naval gun,2,,1976; 1977,New,For 2 PR-72 (Okba) patrol craft from France,2.5,5,5
Morocco,Italy,2008,,5,?,Super Rapid 76mm,naval gun,5,?,2011; 2012; 2014,New,For 3 SIGMA frigates from Netherlands and 1 FREMM frigate and 1 OPV-70 OPV from France,2.75,13.75,13.75
Morocco,Sweden,1977,,1,,375mm Twin,ASW MRL,1,,1983,New,For 1 Descubierta frigate from Spain,3.5,3.5,3.5
Myanmar,China,2001,,8,?,AK-230 30mm,naval gun,8,?,2004; 2005; 2007,New,For 4 Myamnar FAC produced in Myanmar; supplier uncertain,1,8,8
Myanmar,China,2010,?,6,,NG-18 30mm,naval gun,6,,2014; 2015,New,For 2 Kyan Sittha frigates produced in Myanmar,1,6,6
Myanmar,China,2011,?,2,?,NG-18 30mm,naval gun,2,,2016,New,For 1 Tabinshwehti corvette produced in Myanmar; supplier possibly China,1,2,2
Myanmar,China,2009,?,2,?,NG-18 30mm,naval gun,2,?,2013; 2014,New,For 2 FAC-491 FAC produced in Myanmar,1,2,2
Myanmar,China,1991,?,5,?,Type-76A 37mm,naval gun,5,?,1998; 1999; 2000; 2001; 2002,New,For 5 Myanmar patrol craft produced in Myanmar,2.5,12.5,12.5
Myanmar,Israel,1997,?,4,?,Compact 76mm,naval gun,4,,2001; 2003,Second hand,Second-hand; for 2 Anawratha corvettes from China; supplier uncertain (could be South Africa),1,4,4
Myanmar,Israel,2006,?,1,,Compact 76mm,naval gun,1,,2011,Second hand,Second-hand; for 1 Aung Zeya frigate from China; supplier uncertain (could be South Africa),1,1,1
Myanmar,United Kingdom,1955,?,5,,Mk-1 114mm,naval gun,5,?,1956; 1957,Second hand but modernized,Second-hand; probably modernized before delivery; for 5 MTB/MGB FAC,0.2,0.99,0.99
Netherlands,Denmark,2007,?,4,,Compact 76mm,naval gun,4,,2012; 2013,Second hand,Second-hand; for 2 Holland OPV produced in Netherlands and 2 from Romania,1,4,4
Netherlands,Italy,2020,,4,,127/64LW 127mm,naval gun,0,,,New,For modernization of 4 De Zeven Provinciën (LCF) frigates; delivery planned by 2026,7,28,0
Netherlands,Italy,1974,?,12,,Compact 76mm,naval gun,12,?,1978; 1979; 1980; 1981; 1982; 1983; 1984; 1985,New,For 10 Kortenaer frigates produced in Netherlands,2.5,30,30
Netherlands,Italy,1975,?,6,,Compact 76mm,naval gun,6,?,1978; 1979; 1980; 1981; 1982; 1983,New,For modernization of 6 Van Speyk frigates,2.5,15,15
Netherlands,Italy,1985,?,8,,Compact 76mm,naval gun,8,,1991; 1992; 1993; 1994; 1995,New,For 8 Doorman frigates produced in Netherlands,2.5,20,20
Netherlands,Italy,1996,,4,,Compatto 127mm,naval gun,4,,2002; 2003; 2004; 2005,Second hand but modernized,Second-hand but modernized before delivery; for 4 De Zeven Provincien frigates produced in Netherlands,3.47,13.86,13.86
Netherlands,Italy,2023,?,3,,Sovraponte 76mm,naval gun,0,,,New,For 1 Karel Doorman and 1 Rotterdam landing ship and 1 Den Helder support ship; selected but not yet ordered by end-2023,0,0,0
Netherlands,Italy,2023,,3,,Sovraponte 76mm,naval gun,0,,,New,For 2 ASWF frigates produced in Netherlands,0,0,0
Netherlands,Sweden,1949,?,24,,375mm Quad,ASW MRL,24,,1954; 1955; 1956; 1957; 1958,New,For 4 Holland and 8 Friesland destroyers produced in Netherlands,5,120,120
Netherlands,Sweden,1947,?,8,,SAK-60 57mm,naval gun,8,,1953,New,For 2 De Ruyter cruisers produced in Netherlands,3.5,28,28
Netherlands,Sweden,1949,,24,,TAK-120 L/50 120mm,naval gun,24,,1954; 1955; 1956; 1957; 1958,New,For 4 Holland and 8 Friesland destroyers produced in Netherlands,5,120,120
Netherlands,Sweden,1946,?,8,,TAK-152 L/53 Twin,naval gun,8,,1953,New,Including production in Netherlands; for 2 De Ruyter cruisers produced in Netherlands,12,96,96
Netherlands,United States,1961,?,1,,MK-10 Terrier,naval SAM system,1,,1964,New,For modernization of 1 Zeven Provinciën cruiser,35,35,35
Netherlands,United States,1980,?,2,,Mk-29 IBPDMS,naval SAM system,2,,1986,New,For 2 Van Heemskerck frigates produced in Netherlands,5,10,10
Netherlands,United States,1967,?,2,,Mk-29 IBPDMS,naval SAM system,2,,1975; 1976,New,For 2 Tromp frigates produced in Netherlands,5,10,10
Netherlands,United States,1974,?,10,,Mk-29 IBPDMS,naval SAM system,10,,1978; 1979; 1980; 1981; 1982; 1983,New,For 10 Kortenear frigates produced in Netherlands,5,50,50
Netherlands,United States,1995,?,4,,Mk-41 VLS,naval SAM system,4,,2002; 2003; 2004; 2005,New,For 4 De Zeven Provincien frigates produced in Netherlands,20,80,80
Netherlands,United States,2023,?,2,,Mk-41 VLS,naval SAM system,0,,,New,For 2 ASWF frigates produced in Netherlands,20,40,0
Netherlands,United States,1984,?,8,,Mk-48 GMVLS,naval SAM system,8,,1991; 1992; 1993; 1994; 1995,New,For 8 Doorman frigates produced in Netherlands,5,40,40
Netherlands,United States,1967,?,2,,Mk-74 Tartar GMFCS,naval SAM system,2,,1975; 1976,New,For 2 Tromp frigates produced in Netherlands,28.75,57.5,57.5
Netherlands,United States,1980,?,2,,Mk-74 Tartar GMFCS,naval SAM system,2,,1986,New,For 2 Van Heemskerck frigates produced in Netherlands,28.75,57.5,57.5
Nigeria,Italy,1977,,1,,Albatros,naval SAM system,1,,1982,New,For 1 MEKO-360 (Republic) frigate from FRG,5,5,5
Nigeria,Italy,1975,,2,,Compact 76mm,naval gun,2,,1980,New,For 2 Erinomi corvettes from UK,2.5,5,5
Nigeria,Italy,1977,,6,,Compact 76mm,naval gun,6,,1980; 1981; 1982,New,For 3 FPB-57 (Ekpe) FAC from FRG and 3 Combattante-3 (Siri) FAC from France,2.5,15,15
Nigeria,Italy,1977,,10,,Compact 40L70,naval gun,10,,1980; 1981; 1982,New,For 1 MEKO-360 (Republic or Aradu) frigate and 3 FPB-57 (Ekpe) FAC from FRG and 3 Combattante-3 (Siri) FAC from France,2.5,25,25
Nigeria,Italy,1978,?,1,,Compatto 127mm,naval gun,1,,1982,New,For 1 MEKO-360 (Republic or Aradu) frigate from FRG,5.25,5.25,5.25
Nigeria,Italy,2021,,2,,Super Rapid 76mm,naval gun,0,,,New,For 2 OPV-76 OPV from Turkey,2.75,5.5,0
Nigeria,Sweden,1975,,2,,375mm Twin,ASW MRL,2,,1980,New,For 2 Erinomi corvettes from UK,3.5,7,7
Nigeria,United Kingdom,1963,?,1,,102mm Mk-19,naval gun,1,,1965,Second hand but modernized,Second-hand; probably modernized before delivery; for 1 Nigeria frigate from Netherlands,1.49,1.49,1.49
Nigeria,United States,1977,?,28,,EE-30 30mm,naval gun,28,?,1978; 1980; 1981; 1982,New,For 3 FPB-57 (Ekpe) FAC from FRG and 3 Combattante-3 (Siri) FAC from France and modernization of 4 Argungu and 4 Brooke-32m (Makurdi) patrol craft,1,28,28
Nigeria,United States,1983,,2,,EE-30 30mm,naval gun,2,,1987; 1988,New,For 2 Lerici MCM ships from Italy,1,2,2
Norway,Italy,2000,?,11,,Super Rapid 76mm,naval gun,11,,2006; 2007; 2008; 2009; 2010; 2011; 2012; 2013,New,For 5 Nansen frigates from Spain and 6 Skjold FAC produced in Norway,2.75,30.25,30.25
Norway,Sweden,1977,,3,,SAK-70 Mk-1 57mm,naval gun,3,,1981; 1982,New,For 3 Nordkapp OPV produced in Norway,2.25,6.75,6.75
Norway,Sweden,1999,?,1,,SAK-70 Mk-1 57mm,naval gun,1,,2002,New,Probably second-hand; for 1 Svalbard OPV produced in Norway,2.25,2.25,2.25
Norway,Sweden,1964,?,20,,TAK-76 76mm,naval gun,20,?,1966; 1967,New,For 20 Storm FAC produced in Norway,1.5,30,30
Norway,United States,1968,?,5,,Mk-29 IBPDMS,naval SAM system,5,?,1973; 1977; 1978; 1979,New,For modernization of 5 Oslo frigates,5,25,25
Norway,United States,1963,?,10,,Mk-33 76mm,naval gun,10,,1966; 1967,New,For 5 Oslo frigates produced in Norway,2.5,25,25
Norway,United States,1962,?,2,,Mk-34 76mm,naval gun,2,,1965; 1967,New,For 2 Sleipner corvettes produced in Norway,1.5,3,3
Norway,United States,2000,?,5,,Mk-41 VLS,naval SAM system,5,,2006; 2007; 2008; 2009; 2011,New,For 5 Nansen frigates from Spain,20,100,100
New Zealand,United States,1991,?,2,,Mk-41 VLS,naval SAM system,2,,1997; 1999,New,For 2 MEKO-200ANZ (Te Kaha) frigates from FRG,20,40,40
New Zealand,United States,1989,?,2,,Mk-45 127mm,naval gun,2,,1997; 1999,New,For 2 MEKO-200ANZ (Te Kaha) frigates from FRG,5.25,10.5,10.5
New Zealand,United States,1994,,2,,Mk-15 Phalanx,naval gun,2,?,1995; 1996,New,$17.6 m deal; for modernization of Wellington (Leander) frigates,7,14,14
Oman,France,1992,?,2,,Crotale-NG,naval SAM system,2,,1996; 1997,New,For 2 Qahir corvettes from UK,10,20,20
Oman,Italy,1980,?,1,,Compact 76mm,naval gun,1,,1982,New,For 1 Province (Dhofar) FAC from UK,2.5,2.5,2.5
Oman,Italy,1986,?,1,,Compact 76mm,naval gun,1,,1989,New,For 1 Province (Dhofar) FAC from UK,2.5,2.5,2.5
Oman,Italy,1981,,2,,Compact 76mm,naval gun,2,,1983; 1984,New,For 2 Province (Dhofar) FAC from UK,2.5,5,5
Oman,Italy,1981,?,2,,Compact 40L70,naval gun,2,,1983; 1984,New,For 2 Province (Dhofar) FAC from UK,2.5,5,5
Oman,Italy,1980,?,1,,Compact 40L70,naval gun,1,,1982,New,For 1 Province (Dhofar) FAC from UK,2.5,2.5,2.5
Oman,Italy,1986,?,1,,Compact 40L70,naval gun,1,,1989,New,For 1 Province (Dhofar) FAC from UK,2.5,2.5,2.5
Oman,Italy,1982,?,1,,Compact 40L70,naval gun,1,,1985,New,For 1 LSL (Al Bahr) landing ship from UK,2.5,2.5,2.5
Oman,Italy,1992,?,2,,Super Rapid 76mm,naval gun,2,,1996; 1997,New,For 2 Qahir frigates from UK,2.75,5.5,5.5
Oman,Italy,2007,?,3,,Super Rapid 76mm,naval gun,3,?,2013; 2014,New,For 3 Al Shamikh frigates from UK,2.75,8.25,8.25
Oman,Italy,2012,,4,,Super Rapid 76mm,naval gun,4,?,2015; 2016,New,For 4 Fearless-75 OPV from Singapore,2.75,11,11
Pakistan,China,1995,?,2,,Type-76A 37mm,naval gun,2,,1997; 1999,New,For 2 Jalalat FAC produced in Pakistan,2.5,5,5
Pakistan,Italy,2021,,4,,Albatros-NG,naval SAM system,1,,2023,New,For 4 MilGem (Babur) frigates from Turkey; for use with CAMM-ER SAM,5,20,5
Pakistan,Italy,2018,?,4,,Super Rapid 76mm,naval gun,1,,2023,New,For 4 MilGem frigates from Turkey,2.75,11,2.75
Pakistan,United Kingdom,1957,,2,,102mm Mk-19,naval gun,2,?,1958,Second hand but modernized,Probably second-hand but modernized before delivery; for modernization of 2 O Class destroyers,1.49,2.97,2.97
Pakistan,United States,1987,?,6,,Mk-15 Phalanx,naval gun,6,?,1987; 1988,New,For modernization of 6 Gearing (Tariq) destroyers,7,42,42
Pakistan,United States,1988,?,1,,Mk-15 Phalanx,naval gun,1,,1988,New,For modernization of 1 Country (Babur) destroyer,7,7,7
Pakistan,United States,2022,?,2,,SeaRAM,naval SAM system,0,,,New,For 2 OPV-2600 frigates from Netherlands,7,14,0
Peru,Italy,1976,?,6,,Compact 76mm,naval gun,6,,1980; 1981,New,For 6 PR-72P (Velarde) FAC from France,2.5,15,15
Peru,Italy,1976,?,6,,Compact 40L70,naval gun,6,,1980; 1981,New,For 6 PR-72P (Velarde) FAC from France,2.5,15,15
Peru,Italy,1985,?,2,,Compact 40L70,naval gun,2,,1988,New,For modernization of 1 Almirante Grau (De Ruyter) cruiser,2.5,5,5
Philippines,Italy,2017,?,2,,Super Rapid 76mm,naval gun,2,,2020; 2021,New,For 2 HHI-2600 (Rizal) frigates from South Korea,2.75,5.5,5.5
Philippines,United States,1978,?,4,,EE-30 30mm,naval gun,4,,1979,New,For 4 Kagitingan patrol craft from FRG,1,4,4
Poland,Italy,2001,?,1,,Super Rapid 76mm,naval gun,1,,2019,New,For 1 MEKO-A100 (Slazak) OPV from Germany,2.75,2.75,2.75
Poland,Italy,2023,,3,,Super Rapid 76mm,naval gun,0,,,New,For 3 Type-31 (Arrowhead-140 or Miecznik) frigates from UK,2.75,8.25,0
Poland,Russia,1989,?,3,,AK-176 76mm,naval gun,3,,1992; 1994; 1995,New,For 3 Orkan FAC from in FRG (originally ordered from GDR before German unification); probably ordered from Soviet Union and delivered from Russia after break-up of Soviet Union,2.5,7.5,7.5
Poland,Russia,1989,?,3,,AK-630 30mm,naval gun,3,,1992; 1994; 1995,New,For 3 Orkan FAC from in FRG (originally ordered from GDR before German unification); probably ordered from Soviet Union and delivered from Russia after break-up of Soviet Union,1,3,3
Poland,United States,2022,?,3,,Mk-41 VLS,naval SAM system,0,,,New,For 3 Type-31 (Arrowhead-140 or Miecznik) frigates from UK,20,60,0
Poland,Soviet Union,1984,?,1,,AK-176 76mm,naval gun,1,,1991,New,For 1 Kaszub corvette produced in Poland,2.5,2.5,2.5
Poland,Soviet Union,1952,?,4,,B-34 L/56 100mm,naval gun,4,?,1955,New,For modernization of 1 Wicher destroyer,0.75,3,3
Poland,Soviet Union,1984,?,2,,RBU-6000,ASW MRL,2,,1987,New,For 1 Kaszub corvette produced in Poland,3.5,7,7
Portugal,France,1986,?,3,,M-68 CAD 100mm,naval gun,3,,1991,New,For 3 MEKO-200 (Vasco da Gama) frigates from FRG,5.25,15.75,15.75
Portugal,France,1972,?,4,,M-68 CAD 100mm,naval gun,4,,1974; 1975,New,For 4 modified Coutinho (De Andrada) frigates from Spain,5.25,21,21
Portugal,Sweden,1962,?,6,,375mm Quad,ASW MRL,6,?,1966; 1967; 1968,New,For 3 Dealy (Da Silva) Class frigates,5,30,30
Portugal,United Kingdom,1956,?,5,?,Squid,ASW mortar,5,?,1957,New,For modernization of 5 Douro destroyers,1.5,7.5,7.5
Portugal,United States,1986,?,3,,Mk-29 IBPDMS,naval SAM system,3,,1991,New,For 3 MEKO-200 (Vasco da Gama) frigates from FRG,5,15,15
Portugal,United States,1954,,1,,Mk-33 76mm,naval gun,1,,1957,New,For Clemente (Escobar) frigate from Italy,2.5,2.5,2.5
Portugal,United States,1968,,1,,Mk-33 76mm,naval gun,1,,1969,Second hand,Probably Second-hand; for modernization of Clemente (Escobar) frigate,1,1,1
Portugal,United States,1986,,3,,Mk-15 Phalanx,naval gun,3,,1991,New,For 3 MEKO-200 (Vasco da Gama) frigates from FRG; Phalanx Mk-15 Mod-11 version,7,21,21
Qatar,France,2016,?,2,,VL-MICA-M,naval SAM system,2,,2022,New,For 2 Fincantieri-700 corvettes from Italy,5,10,10
Qatar,Italy,1992,?,4,,Compact 76mm,naval gun,4,,1996; 1997,New,For 4 Vita (Barzan) FAC from UK,2.5,10,10
Qatar,Netherlands,1992,,4,,Goalkeeper,naval gun,4,,1996; 1997,New,For 4 Vita (Barzan) FAC from UK,10,40,40
Romania,Italy,2003,,2,,Super Rapid 76mm,naval gun,2,,2004; 2005,New,For modernization of 2 Boxer (Type-22) frigates,2.75,5.5,5.5
Romania,Russia,1992,?,1,,AK-176 76mm,naval gun,1,,1997,New,For 1 Sebastian frigates produced in Romania,2.5,2.5,2.5
Romania,Russia,1987,?,3,,AK-230 30mm,naval gun,3,,1992; 1993; 1995,New,For 1 Tulcea tanker and 2 Grozavu tugs produced in Romania: probably ordered from Soviet Union and delivered from Russia after break-up of Soviet Union,1,3,3
Romania,Russia,1989,?,4,,AK-630 30mm,naval gun,4,,1997,New,For 1 Sebastian frigate produced in Romania; incl 2 AK-306 version; probably ordered from Soviet Union and delivered from Russia after break-up of Soviet Union,1,4,4
Romania,Russia,1990,?,4,,RBU-6000,ASW MRL,4,,1992; 1997,New,For 1 Sebastian frigate produced in Romania; probably ordered from Soviet Union and delivered by Russia after end of Soviet Union,3.5,14,14
Romania,Soviet Union,1986,?,1,,AK-176 76mm,naval gun,1,,1989,New,For 1 Sebastian frigate produced in Romania,2.5,2.5,2.5
Romania,Soviet Union,1985,?,8,,AK-230 30mm,naval gun,8,,1987; 1989,New,For 4 Lepri (Musca) minesweepers produced in Romania,1,8,8
Romania,Soviet Union,1977,?,14,,AK-230 30mm,naval gun,14,?,1980; 1981; 1982; 1983; 1985; 1986; 1987,New,For 4 Barbuneanu (Tetal) frigates; 1 Belescu (Cosar) minelayer and 2 Constanta (Croitor) support/depot ships produced in Romania,1,14,14
Romania,Soviet Union,1986,?,4,,AK-630 30mm,naval gun,4,,1989,New,For 1 Sebastian frigate produced in Romania; incl 2 AK-306 version,1,4,4
Romania,Soviet Union,1979,?,4,,AK-630 30mm,naval gun,4,,1985,New,For 1 Muntenia frigates produced in Romania,1,4,4
Romania,Soviet Union,1979,?,10,,AK-726 76mm,naval gun,10,?,1983; 1985; 1986; 1987,New,For 1 Muntenia and 4 Barbuneanu (Tetal) frigates produced in Romania,2.5,25,25
Romania,Soviet Union,1978,?,8,,RBU-2500,ASW MRL,8,?,1983; 1985; 1986; 1987,New,For 4 Barbuneanu (Tetal) frigates produced in Romania,0.35,2.8,2.8
Romania,Soviet Union,1986,?,2,,RBU-6000,ASW MRL,2,,1989,New,For 1 Sebastian frigate produced in Romania,3.5,7,7
Romania,Soviet Union,1978,?,2,,ZiF-31B 57mm,naval gun,2,,1980; 1982,New,For 2 Constanta (Croitor) support/depot ships produced in Romania,2.5,5,5
Romania,Soviet Union,1977,?,1,,ZiF-71 57mm,naval gun,1,,1981,New,For 1 Belescu (Cosar) minelayer produced in Romania,1.5,1.5,1.5
South Africa,United Kingdom,1961,?,6,,102mm Mk-19,naval gun,6,?,1962; 1964; 1966,Second hand,Probably Second-hand; for modernization of 2 EWP Type (W or Van Riebeeck Class) destroyers to Type-16 frigates and modernization of 1 Algerine (Bloemfontein) Class MCM ship and 1 Loch (Good Hope) Class frigate to training ship,0.9,5.4,5.4
South Africa,United Kingdom,1955,?,1,,102mm Mk-19,naval gun,1,,1955,Second hand,Probably Second-hand; for modernization of 1 Loch (Good Hope) Class frigate to training ship,0.9,0.9,0.9
Saudi Arabia,Italy,1977,?,13,,Compact 76mm,naval gun,13,,1980; 1981; 1982; 1983,New,For 4 Badr corvettes and 9 Al Siddiq FAC from USA; Mk-75 Mod-0 version from US production line,2.5,32.5,32.5
Saudi Arabia,Italy,1980,?,12,,Compact 40L70,naval gun,12,,1984; 1985,New,For 4 F-2000S (Madina) frigates and 2 Boraida support ships from France,2.5,30,30
Saudi Arabia,Italy,1994,?,3,,Super Rapid 76mm,naval gun,3,,2002; 2004,New,For 3 F-3000S (Al Riyadh) frigates from France,2.75,8.25,8.25
Saudi Arabia,Italy,2017,?,5,?,Super Rapid 76mm,naval gun,0,,,New,For 4 MMSC frigates from USA,2.75,13.75,0
Saudi Arabia,Italy,2018,?,5,,Super Rapid 76mm,naval gun,4,,2022; 2023,New,For 5 Avante-2200 frigates from Spain,2.75,13.75,11
Saudi Arabia,United States,1988,?,3,,EE-30 30mm,naval gun,3,,1991; 1993; 1997,New,For 3 Sandown (Al Jawf) minehunters from UK,1,3,3
Senegal,Italy,1979,?,2,,Compact 76mm,naval gun,2,,1983,New,For 1 PR-72 (Njambuur) patrol craft from France,2.5,5,5
Senegal,Italy,2019,,3,,Super Rapid 76mm,naval gun,2,,2023,New,For 3 OPV-58 FAC from France,2.75,8.25,5.5
Singapore,France,2013,,8,,VL-MICA-M,naval SAM system,8,,2017; 2018; 2019,New,For 8 LMV (Independence) corvettes produced in Singapore,5,40,40
Singapore,Italy,2000,?,6,,Super Rapid 76mm,naval gun,6,,2007; 2008; 2009,New,For 6 La Fayette (Formidable) frigates from France,2.75,16.5,16.5
Singapore,Italy,1986,?,6,,Super Rapid 76mm,naval gun,6,,1990; 1991,New,For 6 MGB-62 (Victory) corvettes from FRG,2.75,16.5,16.5
Singapore,Italy,1993,?,12,,Super Rapid 76mm,naval gun,12,,1996; 1997; 1998,New,For 12 Fearless FAC produced in Singapore,2.75,33,33
Singapore,Italy,2013,,8,,Super Rapid 76mm,naval gun,8,,2017; 2018; 2019,New,For 8 LMV (Independence) corvettes produced in Singapore,2.75,22,22
Singapore,Sweden,1970,?,6,,SAK-70 Mk-1 57mm,naval gun,6,,1972; 1974; 1975; 1976,New,For 6 FPB-45 (Sea Wolf) FAC from FRG,2.25,13.5,13.5
Spain,Italy,2019,,5,,127/64LW 127mm,naval gun,0,,,New,For F-110 frigates produced in Spain,7,35,0
Spain,Italy,1972,?,12,,Compact 76mm,naval gun,12,?,1977; 1978; 1979; 1980; 1982; 1983,New,For 6 Descubierta frigates produced in Spain and 6 PB-57 (Lazaga) patrol craft from FRG,2.5,30,30
Spain,Sweden,1973,?,6,,375mm Twin,ASW MRL,6,,1978; 1979; 1980; 1982; 1983,New,For 6 Descubierta Class frigates,3.5,21,21
Spain,United States,1960,?,6,,Mk-30 127mm,naval gun,6,,1969; 1970,Second hand,Second-hand; for 2 De Lauria destroyers produced in Spain,0.3,1.8,1.8
Spain,United States,1948,?,2,,Mk-30 127mm,naval gun,2,?,1950,Second hand,Probably Second-hand; for 1 Pizarro frigate,0.3,0.6,0.6
Spain,United States,2019,,5,?,Mk-41 VLS,naval SAM system,0,,,New,For 5 F-110 frigates produced in Spain,20,100,0
Spain,United States,1996,?,4,,Mk-41 VLS,naval SAM system,4,,2002; 2003; 2004; 2006,New,For 4 De Bazan destroyers produced in Spain,20,80,80
Spain,United States,2006,,1,,Mk-41 VLS,naval SAM system,1,,2012,New,For 1 De Bazan destroyer produced in Spain,20,20,20
Spain,United States,1999,,5,,Mk-45 127mm,naval gun,5,,2002; 2003; 2004; 2006; 2012,Second hand but modernized,Second-hand but modernized before delivery; Mk-45 Mod-2 version for 5 De Bazan (F-100) frigates produced in Spain,3.47,17.33,17.33
Sri Lanka,United Kingdom,1998,,12,?,GCM-AO3 30mm,naval gun,12,?,2000; 2001,New,For 3 Shanghai patrol craft from China and modernization of 2 Shanghai and 3 Haizhui patrol craft,1,12,12
Sweden,United Kingdom,2023,?,5,,Sea Ceptor,SAM system,0,,,New,For modernization of 5 Visby corvettes; selected but not yet ordered by end-2023,0,0,0
Taiwan,France,1995,,6,,Compact 76mm,naval gun,6,,1996; 1997; 1998,New,For 6 La Fayette (Kang Ding) frigates from France; Mk-75 version from US production line,2.5,15,15
Taiwan,Italy,1977,?,2,,Compact 76mm,naval gun,2,,1978; 1982,New,For 2 PSSM-5 (Lung Chiang) FAC from USA; possibly from US production line,2.5,5,5
Taiwan,Italy,2011,?,1,,Super Rapid 76mm,naval gun,1,,2014,New,For 1 Tuo Jiang corvette produced in Taiwan,2.75,2.75,2.75
Taiwan,Italy,2018,?,13,?,Super Rapid 76mm,naval gun,4,?,2021; 2023,New,For 11 Tuo Jiang corvettes and 1 Yushan amphibious assault ship produced in Taiwan,2.75,35.75,11
Taiwan,United States,1969,?,16,,Mk-30 127mm,naval gun,16,?,1970; 1971; 1972; 1973; 1974,Second hand,Second-hand; for modernization of 1 Rudderow frigate and Crosley and Lawrence Class frigate/landing ships,0.3,4.8,4.8
Taiwan,United States,1958,?,3,,Mk-30 127mm,naval gun,3,?,1959,Second hand but modernized,Second-hand; probably modernized before delivery; for modernization of 1 Kagero (Tan Yang) destroyer,0.5,1.49,1.49
Taiwan,United States,1989,?,7,,Mk-15 Phalanx,naval gun,7,?,1989; 1990; 1991; 1992,New,$15 m deal; for modernization of 7 Chien Yang (Gearing) destroyers,7,49,49
Taiwan,United States,1995,,6,,Mk-15 Phalanx,naval gun,6,,1996; 1997; 1998,New,Part of $75 m deal; for 6 La Fayette (Kang Ding) frigates from France,7,42,42
Taiwan,United States,2011,?,1,,Mk-15 Phalanx,naval gun,1,,2014,New,For 1 Tuo Jiang corvette produced in Taiwan,7,7,7
Taiwan,United States,2016,,13,?,Mk-15 Phalanx,naval gun,5,?,2021; 2023,New,Probably incl for 11 Tuo Jiang corvettes and 1 Yushun amphibious assault ship produced in Taiwan,7,91,35
Thailand,Italy,1983,,2,,Albatros,naval SAM system,2,,1987,New,For 2 Rattanakosin corvettes from USA,5,10,10
Thailand,Italy,1987,?,3,,Compact 30mm,naval gun,3,,1992,New,For 3 Khamronsin corvettes from UK,1,3,3
Thailand,Italy,2002,?,2,,Compact 76mm,naval gun,2,,2005; 2006,New,For 2 Pattani (OPV-95) frigates from China,2.5,5,5
Thailand,Italy,1987,?,3,,Compact 76mm,naval gun,3,,1992,New,For 3 Khamronsin corvettes from UK,2.5,7.5,7.5
Thailand,Italy,1982,?,4,,Compact 76mm,naval gun,4,,1983; 1986; 1987,New,For 2 Rattanakosin corvettes from USA and modernization of 2 Tapi (PF-103) corvettes,2.5,10,10
Thailand,Italy,1983,?,2,,Compact 40L70,naval gun,2,,1986; 1987,New,For 2 Rattanakosin corvettes from USA,2.5,5,5
Thailand,Italy,2008,?,1,,Super Rapid 76mm,naval gun,1,,2012,New,For 1 Endurance landing ship from Singapore,2.75,2.75,2.75
Thailand,Italy,2009,?,1,,Super Rapid 76mm,naval gun,1,,2013,New,For 1 BVT-90 (Krabi) OPV from UK,2.75,2.75,2.75
Thailand,Italy,2015,?,1,,Super Rapid 76mm,naval gun,1,,2019,New,For 1 BVT-90 (Krabi) OPV from UK,2.75,2.75,2.75
Thailand,Italy,2013,?,1,,Super Rapid 76mm,naval gun,1,,2018,New,For 1 DW-3000 (Bhumibol Adulyadej) frigate from South Korea,2.75,2.75,2.75
Thailand,United States,2013,?,1,,Mk-41 VLS,naval SAM system,1,,2018,New,For 1 DW-3000 (Bhumibol Adulyadej) frigate from South Korea,20,20,20
Thailand,United States,1990,?,2,,Mk-45 127mm,naval gun,2,?,1994; 1995,New,For 2 Naresuan frigates from China,5.25,10.5,10.5
Thailand,United States,2013,?,1,,Mk-15 Phalanx,naval gun,1,,2018,New,For 1 DW-3000 (Bhumibol Adulyadej) frigate from South Korea,7,7,7
Turkmenistan,Italy,2011,,2,,Compact 40L70,naval gun,2,,2011; 2012,New,EUR7 m deal; for 2 YTBK patrol craft from Turkey,2.5,5,5
Turkmenistan,Italy,2012,,8,,Compact 40L70,naval gun,8,,2013; 2014; 2015; 2016,New,For 8 YTBK patrol craft from Turkey,2.5,20,20
Turkmenistan,Italy,2019,?,1,,Super Rapid 76mm,naval gun,1,,2021,New,For 1 C-92 (Turkmen) frigate from Italy,2.75,2.75,2.75
Turkiye,Italy,1980,?,4,,Compact 76mm,naval gun,4,,1985; 1986; 1988,New,For 4 FPB-57 (Dogan) FAC from FRG,2.5,10,10
Turkiye,Italy,1973,?,4,,Compact 76mm,naval gun,4,,1977; 1978; 1979; 1980,New,For 4 FPB-57 (Dogan) FAC from FRG,2.5,10,10
Turkiye,Italy,1991,?,2,,Compact 76mm,naval gun,2,,1996,New,For 2 FPB-57 (Yildiz) FAC from FRG,2.5,5,5
Turkiye,Italy,2004,?,2,,Compact 76mm,naval gun,2,,2009; 2010,New,For 2 Kilic FAC from FRG,2.5,5,5
Turkiye,Italy,1993,?,3,,Compact 76mm,naval gun,3,,1998; 1999; 2000,New,For 3 Kilic FAC from FRG,2.5,7.5,7.5
Turkiye,Italy,2000,?,4,,Compact 76mm,naval gun,4,,2005; 2006; 2008,New,For 4 Kilic FAC from FRG,2.5,10,10
Turkiye,Italy,1993,?,3,,Compact 40L70,naval gun,3,,1998; 1999; 2000,New,For 3 Kilic FAC from FRG,2.5,7.5,7.5
Turkiye,Italy,2000,?,4,,Compact 40L70,naval gun,4,,2005; 2006; 2008,New,For 4 Kilic FAC from FRG,2.5,10,10
Turkiye,Italy,2007,,16,,Compact 40L70,naval gun,16,,2011; 2012; 2013; 2014; 2015,New,EUR54 m deal; for 16 YTBK (NTPB or Tuzla) patrol craft produced in Turkey,2.5,40,40
Turkiye,Italy,2004,?,2,,Compact 40L70,naval gun,2,,2009; 2010,New,For 2 Kilic FAC from FRG,2.5,5,5
Turkiye,Italy,1982,?,8,,Seaguard,naval gun,8,?,1987; 1988; 1989,New,For 4 MEKO-200T (Yavuz) frigates; for use with Sea Zenith 25mm CIWS,2.5,20,20
Turkiye,Italy,1990,?,4,,Seaguard,naval gun,4,?,1995; 1996,New,For 2 MEKO-200T-2 Type (Barbaros Class) frigates; for use with Sea Zenith 25mm CIWS,2.5,10,10
Turkiye,Italy,1994,?,4,,Seaguard,naval gun,4,?,1998; 2000,New,For 2 MEKO-200T-2 (Barbaros) frigates from FRG; for use with Sea Zenith 25mm CIWS,2.5,10,10
Turkiye,Italy,2005,?,2,,Super Rapid 76mm,naval gun,2,,2011; 2013,New,For 2 MilGem (Ada) frigates produced in Turkey,2.75,5.5,5.5
Turkiye,Italy,2014,?,2,,Super Rapid 76mm,naval gun,2,,2018; 2019,New,For 2 MilGem (Ada) frigates produced in Turkey,2.75,5.5,5.5
Turkiye,Switzerland,1991,?,2,,GDM 35mm,naval gun,2,,1996,New,For 2 FPB-57 (Yildiz) FAC from FRG,2.5,5,5
Turkiye,Switzerland,1973,?,4,,GDM 35mm,naval gun,4,,1977; 1978; 1979; 1980,New,For 4 FPB-57 (Dogan) FAC from FRG,2.5,10,10
Turkiye,United States,1990,,2,,Mk-29 IBPDMS,naval SAM system,2,,1995; 1996,New,For 2 MEKO-200 (Barabaros) frigates from FRG,5,10,10
Turkiye,United States,1982,?,4,,Mk-29 IBPDMS,naval SAM system,4,,1987; 1988; 1989,New,For 4 MEKO-200 (Yavuz) frigates from FRG,5,20,20
Turkiye,United States,1975,?,3,,Mk-29 IBPDMS,naval SAM system,3,,1980; 1981; 1982,New,For 3 Niels Juel frigates from UK,5,15,15
Turkiye,United States,2005,?,4,,Mk-41 VLS,naval SAM system,4,?,2013; 2014,New,For 'Genesis' modernization of 4 Perry (Gabya) frigates,20,80,80
Turkiye,United States,1994,?,2,,Mk-41 VLS,naval SAM system,2,,1998; 2000,New,For 2 MEKO-200 (Barbaros) frigates from FRG,20,40,40
Turkiye,United States,1990,?,2,,Mk-45 127mm,naval gun,2,?,1995; 1996,New,For 2 MEKO-200T-2 (Barbaros) frigates from FRG,5.25,10.5,10.5
Turkiye,United States,1994,?,2,,Mk-45 127mm,naval gun,2,,1998; 2000,New,For 2 MEKO-200T-2 (Barbaros) frigates from FRG,5.25,10.5,10.5
Turkiye,United States,1982,?,4,,Mk-45 127mm,naval gun,4,?,1987; 1988; 1989,New,For 4 MEKO-200T (Yavuz) frigates from FRG,5.25,21,21
Turkiye,United States,1993,?,1,,Mk-15 Phalanx,naval gun,1,,1995,New,For 1 Akar support ship produced in Turkey,7,7,7
Turkiye,United States,2011,?,4,,Mk-15 Phalanx,naval gun,4,,2017; 2018,New,Phalanx Block-1B version; for 2 Bayraktar landing ships produced in Turkey,7,28,28
Turkiye,United States,2015,?,2,,Mk-15 Phalanx,naval gun,2,,2023,New,For 1 BPE (Anadolu) AALS from Spain,7,14,14
Turkiye,United States,2015,?,4,,Mk-15 Phalanx,naval gun,4,?,2017; 2018,New,For 2 Bayraktar landing ships produced in Turkey,7,28,28
Turkiye,United States,2016,?,4,,Mk-15 Phalanx,naval gun,0,,,New,For 4 TF-100 (I or MilGem-G) frigates produced in Turkey,7,28,0
UAE,Italy,1977,?,6,,Compact 76mm,naval gun,6,,1980; 1981,New,For 6 TNC-45 (Ban Yas) FAC from FRG,2.5,15,15
UAE,Italy,1977,?,6,,Compact 40L70,naval gun,6,,1980; 1981,New,For 6 TNC-45 (Ban Yas) FAC from FRG,2.5,15,15
UAE,Italy,1986,,4,,Super Rapid 76mm,naval gun,4,,1990; 1991,New,For 2 TNC-63 (Muray Ji ) corvettes and 2 Type-62 (Mubarraz) FAC from FRG,2.75,11,11
UAE,Italy,2003,?,6,,Super Rapid 76mm,naval gun,6,,2012; 2013; 2015; 2016,New,For 6 Baynunah corvettes from France,2.75,16.5,16.5
UAE,Italy,2019,?,2,,Super Rapid 76mm,naval gun,1,,2023,New,For 2 Gowind-2500 frigates from France,2.75,5.5,2.75
UAE,Italy,2021,?,4,,Super Rapid 76mm,naval gun,0,,,New,For 4 Falaj-3 corvettes from Singapore,2.75,11,0
UAE,Netherlands,1986,?,2,,Goalkeeper,naval gun,2,,1990; 1991,New,For 2 Type-62-001 (Muray Jib) corvettes from FRG,10,20,20
UAE,Netherlands,1996,,2,,Goalkeeper,naval gun,2,,1997; 1998,New,For modernization of 2 Kortenaer frigates,10,20,20
UAE,Sweden,2015,,2,,SAK-70 Mk-2 57mm,naval gun,2,,2017; 2018,New,For 2 FOPV-850 corvettes from Netherlands,2.5,5,5
United Kingdom,Italy,1980,?,3,,Compact 76mm,naval gun,3,,1984,New,For 3 Peacock OPV produced in UK,2.5,7.5,7.5
United Kingdom,Netherlands,1985,,13,,Goalkeeper,naval gun,13,?,1987; 1988; 1989,New,For modernization of 2 Invincible aircraft carriers and 4 Broadsword (Cornwall) frigates produced in UK,10,130,130
United Kingdom,Netherlands,1996,?,2,,Goalkeeper,naval gun,2,?,2003; 2004,New,For 2 Albion AALS produced in UK,10,20,20
United Kingdom,United States,2017,,8,?,Mk-41 VLS,naval SAM system,0,,,New,For 8 Type-26 frigates produced in UK,20,160,0
United Kingdom,United States,2023,,5,,Mk-41 VLS,naval SAM system,0,,,New,For Type-31 frigates produced in UK,20,100,0
United Kingdom,United States,2016,,3,,Mk-45-4 127mm,naval gun,0,,,New,GBP183 m ($240 m) deal (incl option on 5); for 3 Type-26 frigates produced in UK,7.5,22.5,0
United Kingdom,United States,1982,,6,,Mk-15 Phalanx,naval gun,6,?,1983,New,For modernization of 2 Invincible aircraft carriers,7,42,42
United Kingdom,United States,1985,?,23,,Mk-15 Phalanx,naval gun,23,?,1987; 1988; 1989,New,For modernization of 8 Sheffield and 4 Manchester (Type-42) destroyers,7,161,161
United Kingdom,United States,1997,?,4,,Mk-15 Phalanx,naval gun,4,?,1998; 1999,New,$25 m deal; for 2 Victoria support ships produced in UK,7,28,28
United Kingdom,United States,1983,?,3,,Mk-15 Phalanx,naval gun,3,,1984,New,For 1 Invincible aircraft carrier,7,21,21
United Kingdom,United States,2006,,16,,Mk-15 Phalanx,naval gun,16,?,2008; 2009; 2010,New,GBP35 m ($67 m) deal; UK Phalanx Block-1A rebuilt to Block-1B with components (incl new radar) from USA,7,112,112
United Kingdom,United States,2012,,5,,Mk-15 Phalanx,naval gun,5,?,2015; 2016; 2017,New,GBP43 m ($69 m) deal; Phalanx Block-1B version for support ships,7,35,35
United States,Italy,1973,?,82,,Compact 76mm,naval gun,82,?,1977; 1979; 1980; 1981; 1982; 1983; 1984; 1985; 1986; 1987; 1988; 1989; 1990; 1991; 1992,New,For 51 Perry frigates; 13 Famous OPV and 6 Pegasus FAC produced in USA and modernization of 12 Hamilton and Hero OPV,2.5,205,205
United States,Sweden,2004,?,46,?,SAK-70 Mk-2 57mm,naval gun,40,?,2008; 2010; 2012; 2014; 2015; 2016; 2017; 2018; 2019; 2020; 2021; 2022; 2023,New,For 35 Freedom and Independence (LCS) frigates and 11 Legend (NSC) OPV produced in USA; produced under licence in USA as Mk-110,2.5,115,100
United States,Sweden,2017,?,11,?,SAK-70 Mk-2 57mm,naval gun,0,,,New,For 11 Heritage (OPC) OPV produced in USA,2.5,27.5,0
Venezuela,Italy,1974,?,3,,Compact 76mm,naval gun,3,,1974; 1975,New,For 3 Constitucion (Federacion) FAC from UK,2.5,7.5,7.5
Venezuela,Italy,1967,?,4,,Compact 76mm,naval gun,4,,1968,New,For modernization of 2 Almirante Clemente frigates,2.5,10,10
Venezuela,Italy,2006,?,8,,Compact 76mm,naval gun,8,,2009; 2010; 2011; 2012; 2020,New,For 4 POVZEE (Caribé) and 4 BVL (Guaicamacuto) OPV from Spain,2.5,20,20
Venezuela,Italy,1982,?,4,,Compact 40L70,naval gun,4,,1984,New,For 4 Alligator (Capana) landing ships from South Korea,2.5,10,10
Yugoslavia,Sweden,1974,,12,,SAK-70 Mk-1 57mm,naval gun,12,,1977; 1978; 1979; 1980,New,For 6 Koncar FAC produced in Yugoslavia,2.25,27,27
Yugoslavia,United Kingdom,1955,?,2,,Squid,ASW mortar,2,,1959,New,For 1 Split destroyer produced in Yugoslavia,1.5,3,3
Yugoslavia,United States,1955,?,4,,Mk-30 127mm,naval gun,4,,1959,Second hand but modernized,Second-hand; possibly modernized before delivery; for 1 Split destroyer produced in Yugoslavia,0.5,1.98,1.98
Yugoslavia,Soviet Union,1985,?,2,,ZIF-22,naval SAM system,2,?,1987; 1988,New,For Kotor frigates produced in Yugoslavia,6,12,12
